,,,,,,,,,,,,,,,,,,,,,,,,,,,,,,,
,,,,,,,,,,,,,,,,,,,,,,,,,,,,,,,
Project ID,Project Name,Start Date,Completion date,Completion Time (Days),Status,Client ID,Client Name,Client Type,Project Type,Property Type,Design Style,Service Category,State,Project Manager,Project Manager Experience (Years), Estimated Budget(?)  , Budget Status , Revenue (?)  , Material Cost (?)  , Labour Cost (?)  , Other Expenses (?)  , Total Cost (?)  , Profit (?)  ,Profit Margin (%),Payment Status,Payment Method,Customer Satisfaction,Satisfaction Missing,Repeat Client,Referral Source,
PRJ0001,Modern Hotel,11/26/2023,-,-,Cancelled,CUST062,Funmilayo Nnamdi,Individual,Residential,Restaurant,Minimalist,Furniture Supply,Rivers,PM007,11," 6,219,067.00 ", Estimated ," 6,525,967.00 "," 2,590,341.00 "," 1,525,423.00 "," 510,276.00 "," 4,626,040.00 "," 1,899,927.00 ",29%,Outstanding,POS,4,1,Yes,Walk-in,
PRJ0002,Contemporary Hotel,12/6/2022,23/3/2023,107,Completed,CUST155,Skyline Ventures,Corporate,Commercial,Retail Store,  Contemporary,Renovation,Enugu,PM009,3," 13,278,313.00 ", Estimated ," 12,998,858.00 "," 5,107,707.00 "," 2,647,812.00 "," 609,575.00 "," 8,365,094.00 "," 4,633,764.00 ",36%,Paid,Transfer,3,1,No,Instagram,
PRJ0003,Contemporary Retail Store,4/19/2024,4/8/2024,107,Delayed,CUST240,Metro Ventures,Corporate,Residential,Hotel,Minimalist,Painting,Kano,PM005,16," 14,222,077.00 ", Estimated ," 15,618,425.00 "," 6,974,105.00 "," 2,364,596.00 "," 969,886.00 "," 10,308,587.00 "," 5,309,838.00 ",34%,Outstanding,Cash,4,1,Yes,Walk-in,
PRJ0004,Industrial Restaurant,9/26/2025,18/11/2025,53,Completed,CUST206,Coastal Ventures,Corporate,Residential,Office,Luxury,Interior Design,Kano,PM006,6," 2,707,195.00 ", Estimated ," 2,641,323.00 "," 1,217,990.00 "," 438,942.00 "," 209,668.00 "," 1,866,600.00 "," 774,723.00 ",29%,Outstanding,Cash,4,1,No,Instagram,
PRJ0005,Minimalist Office,5/10/2022,-,-,Cancelled,CUST026,Chukwudi Ibrahim,Individual,Commercial,Office,Industrial,Furniture Supply,Lagos,PM009,3," 4,401,382.00 ", Estimated ," 4,997,307.00 "," 2,298,008.00 "," 1,106,645.00 "," 238,350.00 "," 3,643,003.00 "," 1,354,304.00 ",27%,Paid,Transfer,3,1,Yes,Instagram,
PRJ0006,Scandinavian Apartment,6/29/2022,1/9/2022,64,Delayed,CUST004,Coastal Capital,Corporate,Residential,Hotel,Minimalist,Interior Design,Enugu,PM008,17," 8,085,928.00 ", Estimated ," 8,744,296.00 "," 3,372,549.00 "," 2,152,657.00 "," 573,677.00 "," 6,098,883.00 "," 2,645,413.00 ",30%,Part Payment,POS,3,1,Yes,Instagram,
PRJ0007,Contemporary Duplex,2/2/2025,13/3/2025,39,Delayed,CUST216,Karen Davis,Individual,Commercial,Duplex,Industrial,Painting,Abuja,PM005,16," 14,886,714.00 ", Estimated ," 14,819,386.00 "," 6,307,267.00 "," 2,399,798.00 "," 699,781.00 "," 9,406,846.00 "," 5,412,540.00 ",37%,Part Payment,Cash,5,1,Yes,Instagram,
PRJ0008,Contemporary Apartment,8/12/2022,2/9/2022,21,Delayed,CUST263,Prime Retail,Corporate,Commercial,Hotel,Industrial,Renovation,Lagos,PM002,4," 4,977,709.00 ", Estimated ," 4,893,962.00 "," 1,779,597.00 "," 807,506.00 "," 229,776.00 "," 2,816,879.00 "," 2,077,083.00 ",42%,Paid,Transfer,3,1,No,Referral,
PRJ0009,Luxury Office,2/19/2024,-,-,Cancelled,CUST138,Funmilayo Miller,Individual,Residential,Office,Industrial,Painting,Rivers,PM005,16," 8,416,784.00 ", Estimated ," 8,223,108.00 "," 3,958,340.00 "," 1,271,254.00 "," 468,197.00 "," 5,697,791.00 "," 2,525,317.00 ",31%,Outstanding,Transfer,4,1,Yes,Website,
PRJ0010,Luxury Office,5/9/2025,17/6/2025,39,Completed,CUST026,Chukwudi Ibrahim,Corporate,Residential,Restaurant,Luxury,Painting,Ogun,PM003,3," 13,286,241.00 ", Estimated ," 14,209,818.00 "," 6,970,735.00 "," 3,366,643.00 "," 901,069.00 "," 11,238,447.00 "," 2,971,371.00 ",21%,Outstanding,Transfer,5,1,Yes,Website,
PRJ0011,Minimalist Retail Store,5/30/2022,-,-,Cancelled,CUST087,Ngozi Davis,Individual,Commercial,Duplex,Modern,Decoration,Oyo,PM005,16," 5,936,056.00 ", Estimated ," 6,204,657.00 "," 2,354,767.00 "," 1,175,140.00 "," 213,416.00 "," 3,743,323.00 "," 2,461,334.00 ",40%,Part Payment,Cash,5,1,Yes,Unknown,
PRJ0012,Modern Office,12/6/2024,-,-,Cancelled,CUST106,Amaka Afolabi,Individual,Commercial,Apartment,Scandinavian,Painting,Unknown,PM008,17," 4,808,554.00 ", Estimated ," 4,580,024.00 "," 1,803,149.00 "," 793,709.00 "," 158,150.00 "," 2,755,008.00 "," 1,825,016.00 ",40%,Outstanding,Cash,3,1,Yes,Walk-in,
PRJ0013,Minimalist Hotel,4/16/2023,-,-,Cancelled,CUST100,Crestview Retail,Corporate,Residential,Apartment,Scandinavian,Decoration,Delta,PM007,11," 8,373,193.00 ", Estimated ," 8,129,551.00 "," 4,006,070.00 "," 1,337,588.00 "," 278,858.00 "," 5,622,516.00 "," 2,507,035.00 ",31%,Part Payment,Cash,5,1,No,Referral,
PRJ0014,Industrial Retail Store,4/18/2022,5/7/2022,78,Completed,CUST289,Segun Ogunleye,Individual,Commercial,Restaurant,Scandinavian,Space Planning,Enugu,PM008,17," 1,401,347.00 ", Estimated ," 1,462,101.00 "," 666,636.00 "," 331,808.00 "," 76,331.00 "," 1,074,775.00 "," 387,326.00 ",26%,Paid,Transfer,3,1,Yes,Facebook,
PRJ0015,Minimalist Apartment,7/27/2022,8/11/2022,104,Completed,CUST195,Chukwudi Balogun,Individual,Residential,Office,Contemporary,Furniture Supply,Lagos,PM008,17," 1,723,636.00 ", Estimated ," 1,730,814.00 "," 747,945.00 "," 364,940.00 "," 93,251.00 "," 1,206,136.00 "," 524,678.00 ",30%,Paid,Transfer,3,1,No,Website,
PRJ0016,Industrial Retail Store,7/8/2024,26/7/2024,18,Delayed,CUST138,Funmilayo Miller,Corporate,Residential,Apartment,Contemporary,Space Planning,Ogun,PM003,3," 5,491,949.00 ", Estimated ," 5,736,000.00 "," 2,211,837.00 "," 1,074,698.00 "," 306,590.00 "," 3,593,125.00 "," 2,142,875.00 ",37%,Part Payment,Cash,3,1,Yes,Facebook,
PRJ0017,Modern Office,6/6/2024,2024-07-06,30,Completed,CUST284,Kelechi Ibe,Individual,Commercial,Restaurant,Scandinavian,Renovation,Enugu,PM010,6," 13,503,908.00 ", Estimated ," 14,305,481.00 "," 7,800,078.00 "," 3,398,038.00 "," 529,203.00 "," 11,727,319.00 "," 2,578,162.00 ",18%,Paid,Cash,4,1,Yes,Referral,
PRJ0018,Modern Office,6/24/2022,2024-06-22,106,Delayed,CUST134,Kelechi Brown,Individual,Residential,Restaurant,Contemporary,Space Planning,Oyo,PM007,11," 11,470,116.00 ", Estimated ," 11,587,969.00 "," 5,417,558.00 "," 2,579,578.00 "," 654,666.00 "," 8,651,802.00 "," 2,936,167.00 ",25%,Outstanding,POS,4,1,No,Website,
PRJ0019,Scandinavian Restaurant,6/8/2023,,-,Cancelled,CUST019,Skyline Enterprises,Corporate,Residential,Duplex,Minimalist,Painting,Rivers,PM002,4," 6,488,316.00 ", Estimated ," 6,613,014.00 "," 2,534,682.00 "," 1,113,663.00 "," 320,093.00 "," 3,968,438.00 "," 2,644,576.00 ",40%,Paid,Cash,5,1,No,Referral,
PRJ0020,Contemporary Retail Store,8/5/2022,,-,Cancelled,CUST015,Chinwe Eze,Individual,Commercial,Restaurant,Modern,Furniture Supply,Lagos,PM005,16," 1,037,916.00 ", Estimated ," 1,101,387.00 "," 557,512.00 "," 218,312.00 "," 78,943.00 "," 854,767.00 "," 246,620.00 ",22%,Outstanding,POS,4,1,No,Instagram,
PRJ0021,Minimalist Apartment,3/5/2025,,-,Cancelled,CUST044,Chidinma Eze,Individual,Commercial,Apartment,Luxury,Furniture Supply,  Enugu,PM007,11," 10,182,123.00 ", Estimated ," 10,512,484.00 "," 5,188,419.00 "," 1,619,231.00 "," 364,360.00 "," 7,172,010.00 "," 3,340,474.00 ",32%,Outstanding,POS,4,1,No,  Facebook,
PRJ0022,Scandinavian Duplex,6/19/2024,2024-03-24,26,Completed,CUST166,Susan Ibe,Individual,Commercial,Office,Luxury,Decoration,Abuja,PM005,16," 2,472,894.00 ", Estimated ," 2,577,655.00 "," 917,107.00 "," 565,998.00 "," 81,275.00 "," 1,564,380.00 "," 1,013,275.00 ",39%,Part Payment,Transfer,5,1,No,Referral,
PRJ0023,Minimalist Duplex,6/2/2022,,-,Cancelled,CUST115,Urban Capital,Corporate,Residential,Duplex,Industrial,Decoration,Delta,PM008,17," 11,346,888.00 ", Estimated ," 11,654,327.00 "," 6,071,322.00 "," 2,852,632.00 "," 594,698.00 "," 9,518,652.00 "," 2,135,675.00 ",18%,Outstanding,Cash,4,1,No,Instagram,
PRJ0024,Minimalist Hotel,4/4/2025,,-,Cancelled,CUST142,Charles Musa,Individual,Residential,Restaurant,Minimalist,Furniture Supply,Ogun,PM002,4," 10,633,103.00 ", Estimated ," 11,089,457.00 "," 4,908,880.00 "," 2,218,527.00 "," 827,670.00 "," 7,955,077.00 "," 3,134,380.00 ",28%,Paid,Cash,4,1,No,Instagram,
PRJ0025,Modern Duplex,10/12/2022,2025-02-16,47,Delayed,CUST019,Skyline Enterprises,Corporate,Commercial,Hotel,Luxury,Renovation,Abuja,PM002,4," 9,946,168.00 ", Estimated ," 10,943,265.00 "," 5,159,841.00 "," 2,060,035.00 "," 684,235.00 "," 7,904,111.00 "," 3,039,154.00 ",28%,Paid,Transfer,4,1,Yes,Walk-in,
PRJ0026,Luxury Retail Store,5/4/2023,2024-09-17,53,Completed,CUST286,Pinnacle Enterprises,Corporate,Residential,Hotel,Minimalist,Renovation,Rivers,PM001,8," 4,586,119.00 ", Estimated ," 4,647,268.00 "," 2,125,880.00 "," 1,013,522.00 "," 331,627.00 "," 3,471,029.00 "," 1,176,239.00 ",25%,Outstanding,POS,3,1,No,Facebook,
PRJ0027,Minimalist Apartment,8/15/2025,2024-05-25,11,Delayed,CUST292,Linda Oyelaran,Individual,Commercial,Duplex,Minimalist,Space Planning,Abuja,PM004,15," 4,099,251.00 ", Estimated ," 3,946,129.00 "," 1,935,466.00 "," 770,181.00 "," 183,862.00 "," 2,889,509.00 "," 1,056,620.00 ",27%,Outstanding,POS,5,1,No,Referral,
PRJ0028,Industrial Duplex,8/8/2025,2024-10-04,62,Completed,CUST186,Urban Holdings,Corporate,Residential,Duplex,Scandinavian,Painting,Rivers,PM004,15," 3,140,453.00 ", Estimated ," 3,393,031.00 "," 1,265,418.00 "," 793,278.00 "," 252,789.00 "," 2,311,485.00 "," 1,081,546.00 ",32%,Part Payment,POS,3,1,Yes,Website,
PRJ0029,Contemporary Retail Store,5/9/2025,2024-06-13,75,Delayed,CUST100,Crestview Retail,Individual,Commercial,Office,Luxury,Interior Design,Oyo,PM006,6," 8,199,619.00 ", Estimated ," 9,428,098.00 "," 4,288,288.00 "," 2,095,252.00 "," 383,902.00 "," 6,767,442.00 "," 2,660,656.00 ",28%,Outstanding,  POS,4,1,Yes,Walk-in,
PRJ0030,Modern Office,6/7/2022,2024-05-27,59,Completed,CUST150,Prime Group,Corporate,Residential,Retail Store,Industrial,Renovation,Delta,PM008,17," 14,844,314.00 ", Estimated ," 14,376,115.00 "," 7,039,352.00 "," 3,243,794.00 "," 521,217.00 "," 10,804,363.00 "," 3,571,752.00 ",25%,Paid,POS,4,1,Yes,Walk-in,
PRJ0031,Luxury Duplex,4/27/2025,,-,Cancelled,CUST124,Patricia Brown,Individual,Commercial,Duplex,Scandinavian,Furniture Supply,Oyo,PM003,3," 14,906,991.00 ", Estimated ," 15,325,817.00 "," 7,044,011.00 "," 3,180,331.00 "," 560,007.00 "," 10,784,349.00 "," 4,541,468.00 ",30%,Paid,Transfer,3,1,Yes,Walk-in,
PRJ0032,Modern Hotel,5/15/2025,2025-06-28,44,Completed,CUST042,Urban Hospitality,Corporate,Commercial,Apartment,Luxury,Interior Design,Rivers,PM003,3,, Not Yet Estimated ," 13,687,795.00 "," 6,830,725.00 "," 3,197,049.00 "," 909,942.00 "," 10,937,716.00 "," 2,750,079.00 ",20%,Part Payment,POS,4,1,Yes,Referral,
PRJ0033,Luxury Office,4/23/2024,2024-06-22,60,Completed,CUST007,Crestview Ventures,Corporate,Residential,Office,Scandinavian,Painting,Kano,PM001,8," 11,322,447.00 ", Estimated ," 12,562,018.00 "," 4,467,464.00 "," 1,904,025.00 "," 571,659.00 "," 6,943,148.00 "," 5,618,870.00 ",45%,Part Payment,Transfer,4,1,No,Facebook,
PRJ0034,Contemporary Restaurant,5/13/2022,,-,Cancelled,CUST046,Prime Properties,Corporate,Commercial,Apartment,Industrial,Space Planning,Rivers,PM002,4," 6,374,028.00 ", Estimated ," 7,054,334.00 "," 3,224,097.00 "," 1,698,721.00 "," 429,637.00 "," 5,352,455.00 "," 1,701,879.00 ",24%,Paid,Cash,4,1,No,Walk-in,
PRJ0035,Minimalist Apartment,4/29/2023,2024-07-24,98,Delayed,CUST095,Musa Chukwu,Individual,Commercial,Office,Scandinavian,Furniture Supply,Kano,PM006,6," 11,748,469.00 ", Estimated ," 11,666,247.00 "," 4,869,537.00 "," 1,858,518.00 "," 889,780.00 "," 7,617,835.00 "," 4,048,412.00 ",35%,Outstanding,Transfer,4,1,No,Instagram,
PRJ0036,Modern Hotel,5/7/2022,4/6/2022,28,Delayed,CUST162,Redwood Ventures,Corporate,Commercial,Restaurant,Modern,Decoration,Enugu,PM007,11," 1,238,701.00 ", Estimated ," 1,355,858.00 "," 542,610.00 "," 238,452.00 "," 104,344.00 "," 885,406.00 "," 470,452.00 ",35%,Paid,Transfer,3,1,Yes,Walk-in,
PRJ0037,Contemporary Apartment,3/17/2025,2/4/2025,16,Completed,CUST092,Susan Obi,Individual,Residential,Hotel,Modern,Space Planning,Ogun,PM010,6," 5,806,561.00 ", Estimated ," 5,706,877.00 "," 2,424,936.00 "," 871,866.00 "," 423,297.00 "," 3,720,099.00 "," 1,986,778.00 ",35%,Outstanding,Cash,4,1,Yes,Website,
PRJ0038,Industrial Retail Store,10/31/2022,26/12/2022,56,Completed,CUST182,Unknown Client,Corporate,Residential,Duplex,Modern,Furniture Supply,Abuja,PM004,15," 3,859,132.00 ", Estimated ," 3,688,180.00 "," 1,647,190.00 "," 601,332.00 "," 211,943.00 "," 2,460,465.00 "," 1,227,715.00 ",33%,Part Payment,Cash,3,1,No,Website,
PRJ0039,Scandinavian Duplex,9/17/2023,12/11/2023,56,Completed,CUST123,Damola Davis,Individual,Residential,Apartment,Modern,Painting,Enugu,PM004,15," 11,231,059.00 ", Estimated ," 12,086,005.00 "," 6,326,949.00 "," 2,693,538.00 "," 727,494.00 "," 9,747,981.00 "," 2,338,024.00 ",19%,Paid,Method Not Recorded,4,1,No,Facebook,
PRJ0040,Contemporary Duplex,6/8/2024,2024-07-29,51,Completed,CUST150,Prime Group,Individual,Commercial,Duplex,Luxury,Space Planning,Kano,PM003,3," 14,369,045.00 ", Estimated ," 13,935,837.00 "," 6,914,928.00 "," 3,403,309.00 "," 703,472.00 "," 11,021,709.00 "," 2,914,128.00 ",21%,Paid,Transfer,5,1,No,Referral,
PRJ0041,Contemporary Office,11/23/2022,-,-,Cancelled,CUST188,Pinnacle Retail,Corporate,Commercial,Restaurant,Luxury,Painting,Delta,PM010,6," 12,008,928.00 ", Estimated ," 12,402,483.00 "," 4,377,227.00 "," 2,291,639.00 "," 825,149.00 "," 7,494,015.00 "," 4,908,468.00 ",40%,Paid,Cash,8,1,No,Instagram,
PRJ0042,Luxury Office,2/12/2025,6/3/2025,22,Completed,CUST225,Redwood Hospitality,Corporate,Residential,Hotel,Scandinavian,Space Planning,Oyo,PM004,15," 3,376,480.00 ", Estimated ," 3,650,709.00 "," 1,454,314.00 "," 719,039.00 "," 136,902.00 "," 2,310,255.00 "," 1,340,454.00 ",37%,Outstanding,  POS,5,1,No,Instagram,
PRJ0043,Minimalist Restaurant,9/30/2022,-,-,Cancelled,CUST123,Damola Davis,Individual,Residential,Retail Store,Contemporary,Renovation,Kano,PM001,8," 13,471,709.00 ", Estimated ," 15,221,245.00 "," 8,055,978.00 "," 3,468,138.00 "," 1,137,604.00 "," 12,661,720.00 "," 2,559,525.00 ",17%,Part Payment,POS,4,1,No,Instagram,
PRJ0044,Minimalist Restaurant,4/15/2025,3/8/2025,110,Delayed,CUST050,Redwood Enterprises,Corporate,Commercial,Restaurant,Contemporary,Space Planning,Kano,PM009,3," 14,374,426.00 ", Estimated ," 15,096,710.00 "," 5,290,261.00 "," 3,318,308.00 "," 937,532.00 "," 9,546,101.00 "," 5,550,609.00 ",37%,Outstanding,Transfer,4,1,No,Instagram,
PRJ0045,Minimalist Hotel,10/25/2023,-,-,Cancelled,CUST015,Chinwe Eze,Corporate,Commercial,Hotel,Modern,Decoration,Abuja,PM005,16," 14,064,748.00 ", Estimated ," 15,898,414.00 "," 5,892,117.00 "," 3,286,845.00 "," 991,078.00 "," 10,170,040.00 "," 5,728,374.00 ",36%,Outstanding,Transfer,4,1,No,Facebook,
PRJ0046,Scandinavian Retail Store,3/24/2025,22/5/2025,59,Delayed,CUST298,Ivory Enterprises,Corporate,Commercial,Apartment,Luxury,Painting,Ogun,PM004,15," 6,328,026.00 ", Estimated ," 6,739,375.00 "," 2,374,596.00 "," 1,111,488.00 "," 251,539.00 "," 3,737,623.00 "," 3,001,752.00 ",45%,Outstanding,POS,4,1,No,Website,
PRJ0047,Minimalist Apartment,11/28/2025,-,-,Cancelled,CUST116,Patricia Danjuma,Individual,Commercial,Apartment,,Painting,Abuja,PM002,4," 11,950,470.00 ", Estimated ," 13,307,264.00 "," 5,562,160.00 "," 2,384,958.00 "," 1,060,409.00 "," 9,007,527.00 "," 4,299,737.00 ",32%,Part Payment,Cash,5,1,Yes,Unknown,
PRJ0048,Minimalist Restaurant,2/6/2023,-,-,Cancelled,CUST193,Chidinma Martinez,Individual,Commercial,Apartment,Modern,Painting,Unknown,PM008,17," 8,004,344.00 ", Estimated ," 8,272,455.00 "," 4,538,970.00 "," 1,820,511.00 "," 460,461.00 "," 6,819,942.00 "," 1,452,513.00 ",18%,Outstanding,Cash,4,1,No,Facebook,
PRJ0049,Contemporary Apartment,8/31/2022,21/11/2022,82,Completed,CUST286,Pinnacle Enterprises,Corporate,Residential,Office,Industrial,Painting,Ogun,PM009,3," 11,931,208.00 ", Estimated ," 11,753,261.00 "," 6,043,316.00 "," 2,139,492.00 "," 605,500.00 "," 8,788,308.00 "," 2,964,953.00 ",25%,Outstanding,POS,5,1,No,Referral,
PRJ0050,Contemporary Restaurant,5/7/2025,4/7/2025,58,Delayed,CUST079,Sadiq Garcia,Individual,Residential,Office,Scandinavian,Decoration,Abuja,PM007,11," 3,111,343.00 ", Estimated ," 3,395,591.00 "," 1,239,777.00 "," 562,563.00 "," 124,239.00 "," 1,926,579.00 "," 1,469,012.00 ",43%,Part Payment,Transfer,3,1,No,Instagram,
PRJ0051,Contemporary Restaurant,4/15/2025,2025-07-30,106,Completed,CUST244,Segun Adebayo,Individual,Residential,Hotel,Scandinavian,Decoration,Rivers,PM006,6," 3,702,910.00 ", Estimated ," 3,711,878.00 "," 1,870,806.00 "," 859,402.00 "," 253,726.00 "," 2,983,934.00 "," 727,944.00 ",20%,Part Payment,Transfer,5,1,Yes,Walk-in,
PRJ0052,Luxury Duplex,9/1/2025,-,-,Cancelled,CUST260,Prime Enterprises,Corporate,Residential,Duplex,Contemporary,Painting,Rivers,PM007,11," 13,072,845.00 ", Estimated ," 14,707,838.00 "," 7,593,739.00 "," 3,606,297.00 "," 853,969.00 "," 12,054,005.00 "," 2,653,833.00 ",18%,Part Payment,Transfer,4,1,No,Walk-in,
PRJ0053,Minimalist Duplex,2/20/2023,2/6/2023,102,Completed,CUST254,Segun Eze,Individual,Commercial,Restaurant,Scandinavian,Furniture Supply,Ogun,PM004,15," 14,549,270.00 ", Estimated ," 13,870,743.00 "," 5,814,301.00 "," 3,035,294.00 "," 648,169.00 "," 9,497,764.00 "," 4,372,979.00 ",32%,Part Payment,Cash,4,1,No,Facebook,
PRJ0054,Minimalist Hotel,3/4/2024,2024-04-15,42,Completed,CUST058,Metro Consulting,Corporate,Residential,Duplex,Scandinavian,Furniture Supply,Rivers,PM009,3," 12,662,164.00 ", Estimated ," 13,438,181.00 "," 6,829,195.00 "," 3,317,684.00 "," 456,324.00 "," 10,603,203.00 "," 2,834,978.00 ",21%,Part Payment,POS,3,1,No,Referral,
PRJ0055,Modern Duplex,8/19/2022,7/10/2022,49,Completed,CUST063,Summit Realty,Corporate,Commercial,Office,Scandinavian,Renovation,Delta,PM008,17," 3,115,661.00 ", Estimated ," 3,359,169.00 "," 1,187,146.00 "," 774,388.00 "," 124,469.00 "," 2,086,003.00 "," 1,273,166.00 ",38%,Paid,Cash,3,1,Yes,Website,
PRJ0056,Contemporary Apartment,2/26/2025,-,-,Cancelled,CUST078,Redwood Consulting,Corporate,Residential,Restaurant,Modern,Painting,Enugu,PM001,8," 11,931,414.00 ", Estimated ," 12,149,915.00 "," 5,131,103.00 "," 2,984,982.00 "," 879,392.00 "," 8,995,477.00 "," 3,154,438.00 ",26%,Outstanding,POS,5,1,No,Website,
PRJ0057,Contemporary Restaurant,1/29/2026,15/3/2026,45,Delayed,CUST160,Linda Musa,Individual,Commercial,Duplex,Industrial,Renovation,Kano,PM002,4," 13,977,224.00 ", Estimated ," 15,261,743.00 "," 7,429,388.00 "," 2,414,512.00 "," 885,227.00 "," 10,729,127.00 "," 4,532,616.00 ",30%,Paid,Transfer,3,1,No,Instagram,
PRJ0058,Contemporary Retail Store,6/9/2022,4/9/2022,87,Completed,CUST011,Summit Ventures,Corporate,Residential,Apartment,  Luxury,Interior Design,Lagos,PM007,11," 2,152,954.00 ", Estimated ," 2,062,599.00 "," 784,121.00 "," 512,018.00 "," 128,453.00 "," 1,424,592.00 "," 638,007.00 ",31%,Part Payment,Cash,4,1,Yes,Facebook,
PRJ0059,Industrial Duplex,4/1/2025,2025-06-15,75,Completed,CUST186,Urban Holdings,Corporate,Commercial,Apartment,Luxury,Painting,Rivers,PM003,3," 3,165,032.00 ", Estimated ," 3,089,238.00 "," 1,690,167.00 "," 526,304.00 "," 158,500.00 "," 2,374,971.00 "," 714,267.00 ",23%,Part Payment,POS,5,1,No,Walk-in,
PRJ0060,Industrial Apartment,6/3/2022,31/7/2022,58,Completed,CUST145,Crestview Properties,Corporate,Commercial,Duplex,Industrial,Decoration,Ogun,PM010,6," 14,323,348.00 ", Estimated ," 14,328,195.00 "," 7,064,235.00 "," 2,791,878.00 "," 811,458.00 "," 10,667,571.00 "," 3,660,624.00 ",26%,Paid,POS,5,1,Yes,Walk-in,
PRJ0061,Scandinavian Office,7/22/2025,8/9/2025,48,Completed,CUST007,Crestview Ventures,Corporate,Commercial,Duplex,Contemporary,Space Planning,Oyo,PM005,16," 14,753,070.00 ", Estimated ," 14,104,944.00 "," 6,715,055.00 "," 2,894,553.00 "," 519,031.00 "," 10,128,639.00 "," 3,976,305.00 ",28%,Part Payment,Cash,4,1,Yes,Website,
PRJ0062,Scandinavian Apartment,3/29/2023,2023-07-19,112,Completed,CUST122,Summit Group,Corporate,Commercial,Duplex,Scandinavian,Decoration,Ogun,PM005,16," 6,226,033.00 ", Estimated ," 6,049,822.00 "," 2,716,411.00 "," 1,212,736.00 "," 262,261.00 "," 4,191,408.00 "," 1,858,414.00 ",31%,Part Payment,Pending,4,1,No,Instagram,
PRJ0063,Scandinavian Restaurant,11/13/2024,18/1/2025,88,Completed,CUST151,Robert Ibe,Individual,Residential,Duplex,Modern,Furniture Supply,Rivers,PM001,8," 12,666,515.00 ", Estimated ," 13,846,417.00 "," 5,842,641.00 "," 2,971,110.00 "," 424,182.00 "," 9,237,933.00 "," 4,608,484.00 ",33%,Paid,Cash,4,1,Yes,Website,
PRJ0064,Scandinavian Retail Store,11/25/2025,-,,Cancelled,CUST266,Ivory Holdings,Corporate,Commercial,Retail Store,Luxury,Renovation,Rivers,PM006,6," 6,228,243.00 ", Estimated ," 6,537,609.00 "," 2,348,428.00 "," 1,070,200.00 "," 300,454.00 "," 3,719,082.00 "," 2,818,527.00 ",43%,Paid,Transfer,4,1,Yes,Referral,
PRJ0065,Luxury Duplex,1/24/2025,12/3/2025,52,Completed,CUST071,Skyline Retail,Corporate,Commercial,Hotel,Luxury,Painting,Unknown,PM010,6," 13,703,098.00 ", Estimated ," 13,096,656.00 "," 6,263,552.00 "," 2,413,623.00 "," 871,519.00 "," 9,548,694.00 "," 3,547,962.00 ",27%,Part Payment,Transfer,4,1,Yes,Facebook,
PRJ0066,Luxury Duplex,6/25/2024,-,,Cancelled,CUST194,Meridian Capital,Corporate,Commercial,Hotel,Scandinavian,Decoration,Unknown,PM007,11," 2,615,180.00 ", Estimated ," 2,933,381.00 "," 1,315,531.00 "," 722,895.00 "," 110,013.00 "," 2,148,439.00 "," 784,942.00 ",27%,Part Payment,Transfer,4,1,Yes,Website,
PRJ0067,Minimalist Office,11/6/2023,12/12/2023,105,Delayed,CUST025,Robert Adebayo,Individual,Commercial,Duplex,Luxury,Renovation,Delta,PM001,8," 14,691,033.00 ", Estimated ," 15,155,251.00 "," 8,132,480.00 "," 2,921,003.00 "," 696,877.00 "," 11,750,360.00 "," 3,404,891.00 ",22%,Paid,Cash,4,1,No,Walk-in,
PRJ0068,Contemporary Office,9/11/2024,-,,Cancelled,CUST112,Vertex Retail,Corporate,Commercial,Retail Store,Minimalist,Space Planning,Rivers,PM002,4," 2,083,587.00 ", Estimated ," 2,054,317.00 "," 1,126,498.00 "," 359,005.00 "," 78,523.00 "," 1,564,026.00 "," 490,291.00 ",24%,Paid,Cash,4,1,Yes,Facebook,
PRJ0069,Contemporary Duplex,5/15/2025,2025-09-02,110,Completed,CUST216,Karen Davis,Corporate,Commercial,Retail Store,Contemporary,Renovation,Abuja,PM001,8," 1,772,634.00 ", Estimated ," 1,701,976.00 "," 931,567.00 "," 363,020.00 "," 59,458.00 "," 1,354,045.00 "," 347,931.00 ",20%,Part Payment,Transfer,4,1,No,Walk-in,
PRJ0070,Contemporary Restaurant,8/17/2024,-,,Cancelled,CUST258,Robert Oyelaran,Individual,Residential,Apartment,Luxury,Furniture Supply,Ogun,PM001,8," 14,558,237.00 ", Estimated ," 14,547,677.00 "," 5,095,977.00 "," 3,207,287.00 "," 590,872.00 "," 8,894,136.00 "," 5,653,541.00 ",39%,Outstanding,POS,3,1,Yes,Referral,
PRJ0071,Modern Restaurant,2/11/2024,26/4/2024,22,Delayed,CUST164,Coastal Consulting,Corporate,Commercial,Office,Modern,Decoration,Lagos,PM001,8," 5,533,828.00 ", Estimated ," 6,334,489.00 "," 2,450,612.00 "," 1,307,207.00 "," 364,952.00 "," 4,122,771.00 "," 2,211,718.00 ",35%,Paid,Transfer,4,1,No,Referral,
PRJ0072,Minimalist Duplex,10/7/2023,4/11/2023,91,Delayed,CUST145,Crestview Properties,Individual,Commercial,Restaurant,,Renovation,Enugu,PM008,17," 14,038,354.00 ", Estimated ," 14,611,292.00 "," 6,143,834.00 "," 3,110,543.00 "," 527,630.00 "," 9,782,007.00 "," 4,829,285.00 ",33%,Outstanding,Cash,4,1,Yes,Walk-in,
PRJ0073,Contemporary Apartment,6/24/2023,26/8/2023,46,Completed,CUST123,Damola Davis,Corporate,Residential,Hotel,Modern,Decoration,Ogun,PM005,16," 710,812.00 ", Estimated ," 783,583.00 "," 428,554.00 "," 183,312.00 "," 60,987.00 "," 672,853.00 "," 110,730.00 ",14%,Part Payment,POS,5,1,Yes,Facebook,
PRJ0074,Scandinavian Retail Store,2/4/2023,-,-,Cancelled,CUST023,Harbor Consulting,Corporate,Commercial,Hotel,Luxury,Furniture Supply,Kano,PM003,3," 10,552,921.00 ", Estimated ," 10,656,306.00 "," 5,750,300.00 "," 2,265,606.00 "," 631,258.00 "," 8,647,164.00 "," 2,009,142.00 ",19%,Paid,Cash,5,1,Yes,Facebook,
PRJ0075,Minimalist Retail Store,1/2/2026,20/4/2026,108,Completed,CUST035,Grace Oyelaran,Individual,Commercial,Duplex,Industrial,Interior Design,Rivers,PM007,11," 11,738,076.00 ", Estimated ," 11,580,040.00 "," 4,440,155.00 "," 2,831,305.00 "," 396,234.00 "," 7,667,694.00 "," 3,912,346.00 ",34%,Paid,Transfer,5,1,Yes,Referral,
PRJ0076,Scandinavian Apartment,6/15/2023,13/7/2023,28,Completed,CUST250,Metro Hospitality,Corporate,Residential,Retail Store,Industrial,Painting,Rivers,PM007,11," 13,634,109.00 ", Estimated ," 14,824,235.00 "," 5,738,393.00 "," 3,209,894.00 "," 892,892.00 "," 9,841,179.00 "," 4,983,056.00 ",34%,Paid,Transfer,4,1,No,Instagram,
PRJ0077,Scandinavian Retail Store,7/18/2022,-,-,Cancelled,CUST097,Sadiq Obi,Individual,Commercial,Office,Modern,Interior Design,Abuja,PM007,11," 10,045,924.00 ", Estimated ," 9,557,320.00 "," 5,092,853.00 "," 1,573,072.00 "," 695,714.00 "," 7,361,639.00 "," 2,195,681.00 ",23%,Paid,Cash,4,1,No,Instagram,
PRJ0078,Industrial Restaurant,4/22/2025,16/7/2025,85,Completed,CUST001,Tunde Johnson,Individual,Residential,Duplex,Scandinavian,Furniture Supply,Delta,PM007,11," 5,157,695.00 ", Estimated ," 4,955,403.00 "," 1,754,291.00 "," 895,111.00 "," 319,969.00 "," 2,969,371.00 "," 1,986,032.00 ",40%,Part Payment,POS,5,1,Yes,Website,
PRJ0079,Scandinavian Apartment,10/8/2023,23/10/2023,15,Completed,CUST186,Urban Holdings,Corporate,Commercial,Retail Store,Industrial,Space Planning,Kano,PM008,17," 11,448,549.00 ", Estimated ," 12,436,253.00 "," 5,852,698.00 "," 2,227,240.00 "," 688,519.00 "," 8,768,457.00 "," 3,667,796.00 ",29%,Paid,Cash,5,1,Yes,Facebook,
PRJ0080,Modern Hotel,3/28/2023,21/4/2023,24,Completed,CUST089,Horizon Group,Corporate,Commercial,Hotel,Industrial,Renovation,Rivers,PM009,3," 10,041,886.00 ", Estimated ," 11,369,644.00 "," 5,713,219.00 "," 1,874,810.00 "," 803,375.00 "," 8,391,404.00 "," 2,978,240.00 ",26%,Outstanding,POS,3,1,No,Referral,
PRJ0081,Modern Office,11/10/2024,2025-03-04,114,Completed,CUST202,Oakridge Group,Corporate,Residential,Office,Industrial,Furniture Supply,Lagos,PM002,4," 4,552,299.00 ", Estimated ," 5,217,796.00 "," 2,000,526.00 "," 1,224,695.00 "," 299,468.00 "," 3,524,689.00 "," 1,693,107.00 ",32%,Paid,Cash,4,1,Yes,Walk-in,
PRJ0082,Luxury Hotel,1/5/2024,2024-03-24,79,Completed,CUST020,Yemi Williams,Individual,Residential,Duplex,Contemporary,Painting,Lagos,PM001,8," 3,571,178.00 ", Estimated ," 3,456,065.00 "," 1,328,280.00 "," 668,166.00 "," 224,805.00 "," 2,221,251.00 "," 1,234,814.00 ",36%,Paid,Cash,4,1,No,Walk-in,
PRJ0083,Luxury Duplex,3/5/2026,-,-,Cancelled,CUST069,Vertex Enterprises,Corporate,Residential,Hotel,Modern,Decoration,Enugu,PM006,6," 4,853,241.00 ", Estimated ," 4,982,361.00 "," 2,170,365.00 "," 1,160,890.00 "," 333,438.00 "," 3,664,693.00 "," 1,317,668.00 ",26%,Part Payment,Pending,4,1,No,Walk-in,
PRJ0084,Industrial Office,8/8/2024,-,-,Cancelled,CUST248,Sterling Ventures,Corporate,Commercial,Apartment,Minimalist,Renovation,Kano,PM001,8," 7,905,519.00 ", Estimated ," 7,661,824.00 "," 3,343,057.00 "," 1,705,887.00 "," 382,949.00 "," 5,431,893.00 "," 2,229,931.00 ",29%,Outstanding,POS,3,1,Yes,Walk-in,
PRJ0085,Modern Apartment,9/13/2023,14/11/2023,62,Completed,CUST042,Urban Hospitality,Corporate,Residential,Hotel,Modern,Interior Design,Delta,PM005,16," 4,945,061.00 ", Estimated ," 5,141,108.00 "," 2,402,880.00 "," 823,024.00 "," 336,963.00 "," 3,562,867.00 "," 1,578,241.00 ",31%,Outstanding,POS,4,1,Yes,Walk-in,
PRJ0086,Contemporary Duplex,7/2/2025,-,-,Cancelled,CUST274,Coastal Enterprises,Corporate,Residential,Restaurant,Scandinavian,Furniture Supply,Kano,PM009,3," 2,722,701.00 ", Estimated ," 2,869,277.00 "," 1,134,305.00 "," 480,531.00 "," 185,352.00 "," 1,800,188.00 "," 1,069,089.00 ",37%,Outstanding,Pending,4,1,No,Walk-in,
PRJ0087,Modern Hotel,6/30/2022,-,-,Cancelled,CUST023,Harbor Consulting,Individual,Residential,Office,Minimalist,Furniture Supply,Rivers,PM006,6," 6,368,893.00 ", Estimated ," 6,178,757.00 "," 3,262,125.00 "," 1,333,832.00 "," 315,198.00 "," 4,911,155.00 "," 1,267,602.00 ",21%,Outstanding,POS,4,1,No,Website,
PRJ0088,Scandinavian Office,9/30/2022,22/11/2022,53,Completed,CUST191,Harbor Enterprises,Corporate,Commercial,Hotel,Luxury,Decoration,Abuja,PM005,16," 6,610,197.00 ", Estimated ," 7,400,838.00 "," 2,888,588.00 "," 1,290,888.00 "," 423,210.00 "," 4,602,686.00 "," 2,798,152.00 ",38%,Part Payment,POS,4,1,Yes,Website,
PRJ0089,Modern Restaurant,12/15/2024,2025-04-09,115,Completed,CUST180,Emerald Consulting,Corporate,Residential,Duplex,Contemporary,Renovation,Delta,PM009,3," 2,071,954.00 ", Estimated ," 2,189,506.00 "," 1,030,997.00 "," 379,914.00 "," 84,861.00 "," 1,495,772.00 "," 693,734.00 ",32%,Outstanding,Transfer,5,1,No,Website,
PRJ0090,Scandinavian Duplex,6/6/2023,6/8/2023,61,Delayed,CUST190,Horizon Realty,Corporate,Commercial,Duplex,,Painting,Oyo,PM008,17," 5,353,198.00 ", Estimated ," 5,206,954.00 "," 4,516,082.00 "," 859,071.00 "," 299,230.00 "," 5,674,383.00 ","-467,429.00 ",-9%,Paid,POS,3,1,No,Instagram,
PRJ0091,Modern Office,1/4/2023,12/4/2023,98,Completed,CUST260,Prime Enterprises,Individual,Residential,Hotel,Modern,Decoration,Abuja,PM004,15," 10,172,699.00 ", Estimated ," 10,244,412.00 "," 5,592,982.00 "," 2,459,618.00 "," 711,870.00 "," 8,764,470.00 "," 1,479,942.00 ",14%,Outstanding,Cash,4,1,No,Instagram,
PRJ0092,Luxury Office,5/1/2026,20/8/2026,111,Delayed,CUST126,Emerald Ventures,Corporate,Residential,Restaurant,Industrial,Painting,Ogun,PM009,3," 12,274,682.00 ", Estimated ," 12,689,720.00 "," 6,096,556.00 "," 1,955,170.00 "," 481,494.00 "," 8,533,220.00 "," 4,156,500.00 ",33%,Paid,Transfer,3,1,Yes,Instagram,
PRJ0093,Minimalist Office,1/2/2024,-,-,Cancelled,CUST277,Pinnacle Realty,Corporate,Commercial,Restaurant,Luxury,Painting,Ogun,PM001,8," 4,707,621.00 ", Estimated ," 4,832,214.00 "," 1,839,952.00 "," 1,013,183.00 "," 237,023.00 "," 3,090,158.00 "," 1,742,056.00 ",36%,Part Payment,Transfer,4,1,Yes,Walk-in,
PRJ0094,Industrial Retail Store,12/9/2022,7/2/2023,60,Completed,CUST104,Ngozi Brown,Individual,Commercial,Apartment,Luxury,Space Planning,Lagos,PM002,4," 9,613,197.00 ", Estimated ," 9,519,247.00 "," 4,440,006.00 "," 1,607,312.00 "," 614,682.00 "," 6,662,000.00 "," 2,857,247.00 ",30%,Outstanding,Transfer,4,1,Yes,Walk-in,
PRJ0095,Scandinavian Office,10/29/2024,18/2/2025,112,Completed,CUST066,Obinna Okafor,Individual,Commercial,Office,Luxury,Painting,Rivers,PM010,6," 6,316,941.00 ", Estimated ," 6,635,366.00 "," 3,149,226.00 "," 1,291,063.00 "," 524,627.00 "," 4,964,916.00 "," 1,670,450.00 ",25%,Part Payment,Transfer,4,1,Yes,Walk-in,
PRJ0096,Industrial Hotel,6/13/2024,-,-,Cancelled,CUST257,Meridian Consulting,Corporate,Commercial,Restaurant,Scandinavian,Renovation,Delta,PM009,3," 5,293,410.00 ", Estimated ," 5,307,163.00 "," 2,562,809.00 "," 1,168,427.00 "," 213,787.00 "," 3,945,023.00 "," 1,362,140.00 ",26%,Outstanding,Transfer,4,1,Yes,Website,
PRJ0097,Modern Duplex,4/22/2022,28/5/2022,36,Completed,CUST290,Ronke Ibe,Individual,Residential,Apartment,Contemporary,Interior Design,Oyo,PM002,4," 14,632,754.00 ", Estimated ," 16,628,691.00 "," 6,951,341.00 "," 3,303,022.00 "," 696,379.00 "," 10,950,742.00 "," 5,677,949.00 ",34%,Paid,Cash,4,1,No,Referral,
PRJ0098,Scandinavian Hotel,10/31/2025,3/12/2025,33,Delayed,CUST165,Chidinma Afolabi,Individual,Commercial,Restaurant,Luxury,Decoration,Abuja,PM002,4," 10,243,855.00 ", Estimated ," 11,757,590.00 "," 4,171,551.00 "," 2,111,651.00 "," 635,142.00 "," 6,918,344.00 "," 4,839,246.00 ",41%,Part Payment,Cash,5,1,No,Instagram,
PRJ0099,Modern Duplex,7/9/2022,-,-,Cancelled,CUST257,Meridian Consulting,Individual,Commercial,Hotel,,Furniture Supply,Kano,PM009,3," 14,094,836.00 ", Estimated ," 14,824,255.00 "," 6,335,714.00 "," 3,388,823.00 "," 1,130,371.00 "," 10,854,908.00 "," 3,969,347.00 ",27%,Part Payment,Transfer,5,1,No,Instagram,
PRJ0100,Scandinavian Apartment,5/16/2026,11/6/2026,26,Delayed,CUST220,Chukwudi Danjuma,Individual,Residential,Retail Store,Luxury,Decoration,Ogun,PM003,3," 5,433,495.00 ", Estimated ," 5,784,144.00 "," 2,463,037.00 "," 1,315,309.00 "," 455,303.00 "," 4,233,649.00 "," 1,550,495.00 ",27%,Part Payment,POS,5,1,No,Referral,
PRJ0101,Scandinavian Retail Store,3/19/2025,-,-,Cancelled,CUST176,Karen Chukwu,Individual,Residential,Duplex,Minimalist,Furniture Supply,Oyo,PM001,8," 3,239,335.00 ", Estimated ," 3,288,541.00 "," 1,246,300.00 "," 548,497.00 "," 222,752.00 "," 2,017,549.00 "," 1,270,992.00 ",39%,Paid,Cash,4,1,No,Walk-in,
PRJ0102,Luxury Retail Store,4/19/2025,-,-,Cancelled,CUST213,Robert Balogun,Individual,Commercial,Retail Store,Modern,Renovation,Delta,PM009,3," 8,290,032.00 ", Estimated ," 8,515,768.00 "," 3,518,835.00 "," 1,823,932.00 ","-50,000.00 "," 5,292,767.00 "," 3,223,001.00 ",38%,Part Payment,Transfer,4,1,Yes,Facebook,
PRJ0103,Industrial Hotel,11/5/2023,2024-02-01,88,Completed,CUST265,Amaka Miller,Individual,Commercial,Duplex,Modern,Painting,Delta,PM009,3," 6,494,953.00 ", Estimated ," 7,050,600.00 "," 3,449,124.00 "," 1,193,778.00 "," 411,736.00 "," 5,054,638.00 "," 1,995,962.00 ",28%,Paid,Cash,4,1,No,Facebook,
PRJ0104,Minimalist Retail Store,12/29/2023,-,-,Cancelled,CUST180,Emerald Consulting,Corporate,Residential,Duplex,Modern,Painting,Lagos,PM006,6," 2,687,950.00 ", Estimated ," 3,088,661.00 "," 1,430,684.00 "," 468,683.00 "," 101,541.00 "," 2,000,908.00 "," 1,087,753.00 ",35%,Part Payment,POS,5,1,Yes,Unknown,
PRJ0105,Contemporary Restaurant,12/25/2025,10/4/2026,106,Completed,CUST280,Harbor Group,Corporate,Residential,Office,Modern,Renovation,Rivers,PM007,11," 12,887,292.00 ", Estimated ," 14,122,385.00 "," 5,498,520.00 "," 3,428,166.00 "," 674,528.00 "," 9,601,214.00 "," 4,521,171.00 ",32%,Outstanding,Cash,3,1,No,Website,
PRJ0106,Modern Apartment,1/19/2024,28/3/2024,69,Delayed,CUST133,Ngozi Abubakar,Individual,Residential,Hotel,Modern,Decoration,Kano,PM008,17," 5,118,007.00 ", Estimated ," 5,326,965.00 "," 2,909,336.00 "," 839,912.00 "," 293,873.00 "," 4,043,121.00 "," 1,283,844.00 ",24%,Part Payment,Cash,4,1,No,Facebook,
PRJ0107,Scandinavian Office,6/2/2025,19/8/2025,78,Delayed,CUST230,Ibrahim Adeyemi,Individual,Residential,Hotel,Minimalist,Decoration,Abuja,PM003,3," 3,908,574.00 ", Estimated ," 4,151,018.00 "," 2,161,701.00 "," 660,449.00 "," 191,248.00 "," 3,013,398.00 "," 1,137,620.00 ",27%,Paid,Method Not Recorded,5,1,No,Walk-in,
PRJ0108,Luxury Hotel,11/14/2024,2025-02-22,100,Completed,CUST281,Golden Properties,Corporate,Residential,Hotel,Modern,Space Planning,Kano,PM004,15,, Not Yet Estimated ," 5,873,979.00 "," 2,756,447.00 "," 1,396,776.00 "," 365,785.00 "," 4,519,008.00 "," 1,354,971.00 ",23%,Paid,POS,5,1,No,Facebook,
PRJ0109,Scandinavian Hotel,5/3/2025,-,-,Cancelled,CUST219,Emeka Davis,Individual,Residential,Restaurant,Industrial,Painting,Oyo,PM005,16," 9,886,626.00 ", Estimated ," 10,054,765.00 "," 4,346,125.00 "," 1,877,142.00 "," 420,844.00 "," 6,644,111.00 "," 3,410,654.00 ",34%,Part Payment,POS,4,1,Yes,Website,
PRJ0110,Luxury Restaurant,8/23/2024,27/11/2024,96,Delayed,CUST169,Ebere Martinez,Individual,Residential,Apartment,Minimalist,Furniture Supply,Ogun,PM008,17," 9,600,779.00 ", Estimated ," 10,164,921.00 "," 4,484,963.00 "," 2,536,113.00 "," 593,271.00 "," 7,614,347.00 "," 2,550,574.00 ",25%,Paid,Cash,3,1,Yes,Website,
PRJ0111,Modern Hotel,6/21/2022,-,-,Cancelled,CUST287,Vertex Hospitality,Corporate,Commercial,Duplex,Minimalist,Space Planning,Unknown,PM001,8," 2,019,276.00 ", Estimated ," 2,249,572.00 "," 990,081.00 "," 495,226.00 "," 127,792.00 "," 1,613,099.00 "," 636,473.00 ",28%,Part Payment,Transfer,3,1,Yes,Website,
PRJ0112,Scandinavian Apartment,8/11/2022,1/10/2022,51,Completed,CUST075,Yemi Oyelaran,Individual,Residential,Duplex,Minimalist,Space Planning,Delta,PM007,11," 7,792,520.00 ", Estimated ," 8,842,284.00 "," 3,915,300.00 "," 1,869,186.00 "," 626,246.00 "," 6,410,732.00 "," 2,431,552.00 ",27%,Part Payment,POS,5,1,Yes,Walk-in,
PRJ0113,Industrial Hotel,8/7/2023,23/10/2023,77,Delayed,CUST283,Redwood Capital,Corporate,Residential,Hotel,Scandinavian,Renovation,Lagos,PM002,4," 11,604,680.00 ", Estimated ," 11,407,860.00 "," 5,153,983.00 "," 2,609,637.00 "," 854,074.00 "," 8,617,694.00 "," 2,790,166.00 ",24%,Paid,POS,4,1,No,Walk-in,
PRJ0114,Minimalist Apartment,9/28/2024,19/12/2024,82,Delayed,CUST039,Coastal Realty,Corporate,Commercial,Apartment,Scandinavian,Interior Design,Rivers,PM002,4," 2,560,973.00 ", Estimated ," 2,762,901.00 "," 970,697.00 "," 505,266.00 "," 130,606.00 "," 1,606,569.00 "," 1,156,332.00 ",42%,Outstanding,POS,5,1,No,Facebook,
PRJ0115,Modern Restaurant,12/29/2025,30/3/2026,91,Delayed,CUST127,Skyline Properties,Corporate,Residential,Restaurant,Industrial,Decoration,  Ogun,PM006,6," 11,963,849.00 ", Estimated ," 11,550,010.00 "," 5,660,807.00 "," 1,852,127.00 "," 740,723.00 "," 8,253,657.00 "," 3,296,353.00 ",29%,Part Payment,POS,4,1,No,Referral,
PRJ0116,Luxury Apartment,10/23/2025,-,,Ongoing,CUST054,Ifeoma Miller,Individual,Residential,Office,Scandinavian,Decoration,Enugu,PM007,11," 2,810,179.00 ", Estimated ," 3,215,985.00 "," 1,431,371.00 "," 508,009.00 "," 123,049.00 "," 2,062,429.00 "," 1,153,556.00 ",36%,Part Payment,POS,4,1,No,Referral,
PRJ0117,Minimalist Apartment,6/14/2022,-,-,Cancelled,CUST257,Meridian Consulting,Individual,Residential,Duplex,Modern,Interior Design,Rivers,PM003,3," 11,755,008.00 ", Estimated ," 12,666,438.00 "," 5,478,203.00 "," 1,901,134.00 "," 599,236.00 "," 7,978,573.00 "," 4,687,865.00 ",37%,Paid,Transfer,5,1,No,Facebook,
PRJ0118,Scandinavian Retail Store,6/5/2022,18/7/2022,43,Completed,CUST038,Golden Hospitality,Corporate,Residential,Retail Store,Contemporary,Painting,Lagos,PM009,3," 2,639,795.00 ", Estimated ," 3,023,073.00 "," 1,109,965.00 "," 683,261.00 "," 193,737.00 "," 1,986,963.00 "," 1,036,110.00 ",34%,Part Payment,Transfer,3,1,No,Website,
PRJ0119,Industrial Retail Store,3/9/2026,29/6/2026,112,Delayed,CUST112,Vertex Retail,Individual,Commercial,Restaurant,Scandinavian,Furniture Supply,Abuja,PM006,6," 14,851,513.00 ", Estimated ," 16,450,073.00 "," 8,249,887.00 "," 2,512,371.00 "," 799,660.00 "," 11,561,918.00 "," 4,888,155.00 ",30%,Paid,Transfer,5,1,Yes,Facebook,
PRJ0120,Luxury Apartment,1/7/2026,-,-,Cancelled,CUST188,Pinnacle Retail,Corporate,Residential,Duplex,Scandinavian,Interior Design,  Rivers,PM001,8," 520,837.00 ", Estimated ," 495,044.00 "," 200,174.00 "," 113,035.00 "," 26,086.00 "," 339,295.00 "," 155,749.00 ",31%,Part Payment,Transfer,4,1,No,Facebook,
PRJ0121,Minimalist Restaurant,10/28/2023,-,-,Cancelled,CUST144,Tunde Abubakar,Individual,Commercial,Hotel,Luxury,Decoration,Delta,PM009,3," 4,042,839.00 ", Estimated ," 4,262,929.00 "," 1,998,003.00 "," 715,607.00 "," 189,940.00 "," 2,903,550.00 "," 1,359,379.00 ",32%,Outstanding,Cash,3,1,Yes,Walk-in,
PRJ0122,Modern Office,9/18/2025,2025-10-01,13,Completed,CUST193,Chidinma Martinez,Corporate,Residential,Restaurant,Scandinavian,Decoration,Oyo,PM002,4," 7,698,863.00 ", Estimated ," 8,734,568.00 "," 3,647,223.00 "," 1,722,112.00 "," 508,399.00 "," 5,877,734.00 "," 2,856,834.00 ",33%,Paid,POS,3,1,No,Instagram,
PRJ0123,Minimalist Apartment,4/29/2025,-,-,Cancelled,CUST136,Chidinma Smith,Individual,Residential,Restaurant,Contemporary,Painting,Oyo,PM002,4," 1,787,248.00 ", Estimated ," 1,977,861.00 "," 957,841.00 "," 381,486.00 "," 114,493.00 "," 1,453,820.00 "," 524,041.00 ",26%,Paid,Transfer,4,1,Yes,Unknown,
PRJ0124,Contemporary Office,9/11/2024,-,-,Cancelled,CUST112,Vertex Retail,Corporate,Commercial,Retail Store,Minimalist,Space Planning,Rivers,PM002,4," 2,083,587.00 ", Estimated ," 2,054,317.00 "," 1,126,498.00 "," 359,005.00 "," 78,523.00 "," 1,564,026.00 "," 490,291.00 ",24%,Paid,Cash,4,1,Yes,Facebook,
PRJ0125,Minimalist Apartment,8/1/2024,-,-,Cancelled,CUST175,Vertex Group,Corporate,Commercial,Office,,Decoration,Abuja,PM002,4," 12,287,512.00 ", Estimated ," 12,330,111.00 "," 6,589,878.00 "," 1,883,859.00 "," 463,556.00 "," 8,937,293.00 "," 3,392,818.00 ",28%,Part Payment,Transfer,5,1,Yes,Referral,
PRJ0126,Luxury Office,9/6/2023,7/10/2023,31,Delayed,CUST059,Ronke Okafor,Individual,Residential,Hotel,Luxury,Furniture Supply,Delta,PM006,6," 10,200,196.00 ", Estimated ," 11,338,635.00 "," 4,811,419.00 "," 2,760,762.00 "," 587,302.00 "," 8,159,483.00 "," 3,179,152.00 ",28%,Paid,POS,4,1,No,Facebook,
PRJ0127,Minimalist Retail Store,2/7/2026,-,-,Cancelled,CUST184,Emerald Properties,Corporate,Residential,Restaurant,Scandinavian,Renovation,Rivers,PM001,8," 12,844,689.00 ", Estimated ," 14,424,680.00 "," 5,949,745.00 "," 3,536,436.00 "," 693,020.00 "," 10,179,201.00 "," 4,245,479.00 ",29%,Outstanding,Transfer,4,1,Yes,  Website,
PRJ0128,Minimalist Apartment,4/1/2024,29/4/2024,28,Delayed,CUST177,Metro Enterprises,Corporate,Commercial,Restaurant,Luxury,Space Planning,Unknown,PM008,17," 13,410,751.00 ", Estimated ," 14,863,908.00 "," 7,283,315.00 "," 3,494,269.00 "," 1,038,763.00 "," 11,816,347.00 "," 3,047,561.00 ",21%,Part Payment,Transfer,5,1,Yes,Referral,
PRJ0129,Luxury Hotel,11/1/2025,-,,Ongoing,CUST232,Vertex Holdings,Corporate,Residential,Hotel,Modern,Space Planning,Lagos,PM005,16," 10,123,525.00 ", Estimated ," 10,629,579.00 "," 4,466,889.00 "," 2,404,471.00 "," 478,431.00 "," 7,349,791.00 "," 3,279,788.00 ",31%,Outstanding,POS,3,1,No,Website,
PRJ0130,Minimalist Apartment,1/12/2024,25/2/2024,44,Completed,CUST222,Golden Ventures,Corporate,Commercial,Restaurant,Industrial,Painting,Kano,PM002,4," 9,439,212.00 ", Estimated ," 9,606,187.00 "," 3,591,096.00 "," 2,291,688.00 "," 399,616.00 "," 6,282,400.00 "," 3,323,787.00 ",35%,Outstanding,Transfer,5,1,No,Referral,
PRJ0131,Luxury Retail Store,3/19/2022,18/6/2022,91,Delayed,CUST114,Oakridge Properties,Corporate,Residential,Office,Luxury,Renovation,Kano,PM007,11," 9,652,872.00 ", Estimated ," 9,912,348.00 "," 4,762,974.00 "," 1,819,096.00 "," 349,361.00 "," 6,931,431.00 "," 2,980,917.00 ",30%,Part Payment,POS,,1,No,Walk-in,
PRJ0132,Industrial Duplex,9/3/2024,13/11/2024,71,Completed,CUST224,Oakridge Retail,Corporate,Commercial,Restaurant,Minimalist,Renovation,Ogun,PM005,16," 4,568,881.00 ", Estimated ," 4,394,157.00 "," 1,569,141.00 "," 1,081,111.00 "," 282,461.00 "," 2,932,713.00 "," 1,461,444.00 ",33%,Part Payment,  Cash,5,1,No,Website,
PRJ0133,Contemporary Apartment,1/29/2024,-,-,Cancelled,CUST046,Prime Properties,Corporate,Commercial,Retail Store,Modern,Decoration,Lagos,PM008,17," 9,165,030.00 ", Estimated ," 10,156,366.00 "," 4,417,204.00 "," 2,089,340.00 "," 781,826.00 "," 7,288,370.00 "," 2,867,996.00 ",28%,Part Payment,Cash,5,1,No,Unknown,
PRJ0134,Contemporary Apartment,1/11/2023,4/3/2023,52,Delayed,CUST216,Karen Davis,Corporate,Residential,Retail Store,Minimalist,Painting,Ogun,PM007,11," 5,074,804.00 ", Estimated ," 4,934,061.00 "," 2,174,635.00 "," 1,966,990.00 "," 612,762.00 "," 4,754,387.00 "," 179,674.00 ",4%,Paid,Cash,,0,Yes,Referral,
PRJ0135,Minimalist Hotel,7/6/2025,13/9/2025,69,Completed,CUST226,Robert Johnson,Individual,Residential,Retail Store,Scandinavian,Decoration,Delta,PM009,3," 9,604,217.00 ", Estimated ," 9,231,658.00 "," 3,543,523.00 "," 1,892,957.00 "," 538,770.00 "," 5,975,250.00 "," 3,256,408.00 ",35%,Paid,Cash,4,1,No,Walk-in,
PRJ0136,Contemporary Hotel,9/28/2022,2022-06-29,93,Completed,CUST191,Harbor Enterprises,Individual,Commercial,Hotel,Minimalist,Space Planning,Lagos,PM008,17," 10,453,546.00 ", Estimated ," 10,135,892.00 "," 4,101,876.00 "," 2,334,874.00 "," 677,308.00 "," 7,114,058.00 "," 3,021,834.00 ",30%,Part Payment,Transfer,4,1,No,Instagram,
PRJ0137,Luxury Apartment,11/8/2024,2022-06-29,82,Completed,CUST063,Summit Realty,Corporate,Residential,Apartment,Scandinavian,Renovation,Delta,PM006,6," 1,427,344.00 ", Estimated ," 1,443,314.00 "," 772,879.00 "," 298,515.00 "," 85,045.00 "," 1,156,439.00 "," 286,875.00 ",20%,Paid,Cash,3,1,No,Website,
PRJ0138,Luxury Retail Store,6/1/2022,2022-06-29,28,Completed,CUST118,Segun Abubakar,Individual,Residential,Office,Luxury,Decoration,Oyo,PM001,8," 7,160,123.00 ", Estimated ," 8,190,123.00 "," 2,964,632.00 "," 1,761,168.00 "," 295,923.00 "," 5,021,723.00 "," 3,168,400.00 ",39%,Paid,POS,4,1,Yes,Facebook,
PRJ0139,Contemporary Hotel,4/23/2023,2023-02-07,28,Completed,CUST034,Chidinma Abubakar,Individual,Residential,Duplex,Minimalist,Space Planning,Unknown,PM010,6,, Not Yet Estimated ," 2,117,104.00 "," 816,869.00 "," 433,554.00 "," 96,690.00 "," 1,347,113.00 "," 769,991.00 ",36%,Paid,Transfer,4,1,Yes,Referral,
PRJ0140,Luxury Duplex,2/24/2026,2022-03-20,56,Delayed,CUST062,Funmilayo Nnamdi,Corporate,Residential,Office,Contemporary,Painting,Ogun,PM007,11," 10,136,482.00 ", Estimated ," 10,489,332.00 "," 7,678,918.00 "," 1,802,568.00 "," 364,360.00 "," 9,845,846.00 "," 643,486.00 ",6%,Paid,POS,4,1,Yes,Instagram,
PRJ0141,Contemporary Retail Store,9/12/2023,2022-10-04,23,Delayed,CUST272,Summit Holdings,Corporate,Commercial,Hotel,Scandinavian,Space Planning,Abuja,PM008,17," 10,660,253.00 ", Estimated ," 11,223,979.00 "," 4,838,902.00 "," 2,130,356.00 "," 572,637.00 "," 7,541,895.00 "," 3,682,084.00 ",33%,Part Payment,POS,4,1,No,Walk-in,
PRJ0142,Luxury Retail Store,10/23/2022,2022-07-02,57,Delayed,CUST050,Redwood Enterprises,Corporate,Commercial,Restaurant,Contemporary,Renovation,Ogun,PM009,3," 2,054,174.00 ", Estimated ," 2,060,586.00 "," 1,396,369.00 "," 347,134.00 "," 97,504.00 "," 1,841,007.00 "," 219,579.00 ",11%,Paid,Transfer,5,1,Yes,Website,
PRJ0143,Minimalist Hotel,3/24/2026,2026-04-19,26,Completed,CUST054,Ifeoma Miller,Individual,Commercial,Hotel,Contemporary,Space Planning,Kano,PM009,3,, Not Yet Estimated-walk in ," 13,525,996.00 "," 6,502,967.00 "," 2,649,644.00 "," 615,996.00 "," 9,768,607.00 "," 3,757,389.00 ",28%,Outstanding,Transfer,5,1,No,Walk-in,
PRJ0144,Minimalist Hotel,6/23/2023,,-,Cancelled,CUST202,Oakridge Group,Individual,Residential,Apartment,Scandinavian,Interior Design,Delta,PM005,16," 4,048,954.00 ", Estimated ," 4,277,957.00 "," 2,045,481.00 "," 880,880.00 "," 133,841.00 "," 3,060,202.00 "," 1,217,755.00 ",28%,Outstanding,Transfer,5,1,Yes,Facebook,
PRJ0145,Modern Retail Store,4/25/2024,2022-08-23,11,Completed,CUST127,Skyline Properties,Individual,Commercial,Retail Store,Luxury,Furniture Supply,Abuja,PM001,8," 3,546,006.00 ", Estimated ," 3,469,606.00 "," 1,659,871.00 "," 528,127.00 "," 150,226.00 "," 2,338,224.00 "," 1,131,382.00 ",33%,Paid,POS,,0,Yes,Walk-in,
PRJ0146,Industrial Hotel,4/11/2024,2022-10-21,43,Completed,CUST280,Harbor Group,Corporate,Residential,Apartment,Modern,Decoration,Oyo,PM007,11," 9,501,781.00 ", Estimated ," 9,386,415.00 "," 4,146,575.00 "," 2,038,085.00 "," 542,836.00 "," 6,727,496.00 "," 2,658,919.00 ",28%,Part Payment,Transfer,3,1,No,Instagram,
PRJ0147,Industrial Retail Store,11/13/2024,2025-02-16,95,Completed,CUST028,Chidinma Brown,Individual,Residential,Retail Store,Industrial,Decoration,Ogun,PM007,11," 11,844,074.00 ", Estimated ," 12,246,208.00 "," 4,319,706.00 "," 1,876,331.00 "," 373,261.00 "," 6,569,298.00 "," 5,676,910.00 ",46%,Part Payment,Transfer,5,1,Yes,Referral,
PRJ0148,Scandinavian Retail Store,7/16/2022,8/10/2022,84,Completed,CUST265,Amaka Miller,Corporate,Residential,Hotel,Contemporary,Decoration,Enugu,PM006,6," 554,301.00 ", Estimated ," 623,214.00 "," 311,339.00 "," 113,601.00 "," 29,034.00 "," 453,974.00 "," 169,240.00 ",27%,Paid,Transfer,4,1,Yes,Facebook,
PRJ0149,Minimalist Retail Store,1/7/2023,23/1/2023,16,Delayed,CUST036,Crestview Consulting,Corporate,Residential,Duplex,Luxury,Painting,Ogun,PM002,4," 6,380,148.00 ", Estimated ," 6,303,744.00 "," 3,940,262.00 "," 1,691,511.00 "," 284,919.00 "," 5,916,692.00 "," 387,052.00 ",6%,Outstanding,Transfer,4,1,Yes,Instagram,
PRJ0150,Luxury Restaurant,8/8/2024,2024-09-17,40,Completed,CUST240,Metro Ventures,Corporate,Residential,Duplex,Scandinavian,Space Planning,Lagos,PM003,3," 11,885,987.00 ", Estimated ," 12,214,243.00 "," 5,903,791.00 "," 2,704,199.00 "," 696,978.00 "," 9,304,968.00 "," 2,909,275.00 ",24%,Paid,Cash,4,1,Yes,Walk-in,
PRJ0151,Minimalist Apartment,5/3/2024,3/7/2024,61,Completed,CUST142,Charles Musa,Corporate,Residential,Restaurant,Modern,Decoration,Kano,PM009,3," 13,951,009.00 ", Estimated ," 15,399,811.00 "," 6,919,803.00 "," 2,817,313.00 "," 770,733.00 "," 10,507,849.00 "," 4,891,962.00 ",32%,Outstanding,POS,4,1,No,Website,
PRJ0152,Scandinavian Restaurant,3/2/2025,2025-03-15,13,Completed,CUST299,Sterling Group,Corporate,Residential,Duplex,Industrial,Interior Design,Kano,PM007,11," 9,180,061.00 ", Estimated ," 10,004,819.00 "," 3,874,367.00 "," 2,360,884.00 "," 490,180.00 "," 6,725,431.00 "," 3,279,388.00 ",33%,Part Payment,Transfer,4,1,Yes,Facebook,
PRJ0153,Luxury Hotel,8/24/2023,21/12/2023,119,Delayed,CUST065,Ebere Johnson,Individual,Commercial,Office,Scandinavian,Space Planning,Ogun,PM001,8," 10,428,726.00 ", Estimated ," 10,368,560.00 "," 5,358,714.00 "," 1,954,365.00 "," 620,864.00 "," 7,933,943.00 "," 2,434,617.00 ",23%,Part Payment,Transfer,,0,Yes,Walk-in,
PRJ0154,Modern Retail Store,11/8/2022,2/1/2023,55,Delayed,CUST276,Mary Oyelaran,Individual,Residential,Duplex,Contemporary,Furniture Supply,Delta,PM003,3," 10,834,287.00 ", Estimated ," 11,266,297.00 "," 5,502,317.00 "," 1,709,327.00 "," 708,498.00 "," 7,920,142.00 "," 3,346,155.00 ",30%,Outstanding,Transfer,4,1,Yes,Instagram,
PRJ0155,Modern Hotel,7/1/2024,-,-,Cancelled,CUST196,Kelechi Danjuma,Individual,Residential,Restaurant,Luxury,Furniture Supply,Abuja,PM003,3," 2,921,789.00 ", Estimated ," 2,794,088.00 "," 1,512,896.00 "," 486,625.00 "," 192,396.00 "," 2,191,917.00 "," 602,171.00 ",22%,Paid,Method Not Recorded,4,1,No,Walk-in,
PRJ0156,Luxury Retail Store,3/3/2025,2025-06-10,99,Completed,CUST070,Oakridge Ventures,Corporate,Residential,Hotel,Minimalist,Renovation,Lagos,PM009,3," 814,041.00 ", Estimated ," 888,452.00 "," 445,413.00 "," 190,560.00 "," 64,169.00 "," 700,142.00 "," 188,310.00 ",21%,Outstanding,POS,4,1,No,Facebook,
PRJ0157,Minimalist Hotel,8/25/2023,2023-10-16,52,Completed,CUST300,Harbor Realty,Corporate,Commercial,Apartment,Minimalist,Interior Design,Oyo,PM009,3," 568,349.00 ", Estimated ," 605,965.00 "," 285,148.00 "," 117,155.00 "," 38,470.00 "," 440,773.00 "," 165,192.00 ",27%,Part Payment,Transfer,4,1,Yes,Walk-in,
PRJ0158,Industrial Duplex,1/17/2026,-,-,Cancelled,CUST136,Chidinma Smith,Corporate,Residential,Apartment,Luxury,Painting,Rivers,PM006,6," 2,157,803.00 ", Estimated ," 2,468,553.00 "," 1,094,485.00 "," 533,332.00 "," 187,606.00 "," 1,815,423.00 "," 653,130.00 ",26%,Outstanding,Cash,4,1,No,Instagram,
PRJ0159,Luxury Apartment,5/31/2024,21/6/2024,21,Delayed,CUST008,Crestview Enterprises,Corporate,Commercial,Retail Store,Modern,Space Planning,Ogun,PM003,3," 12,627,405.00 ", Estimated ," 12,415,420.00 "," 5,658,488.00 "," 2,991,941.00 "," 681,474.00 "," 9,331,903.00 "," 3,083,517.00 ",25%,Outstanding,Cash,4,1,Yes,Website,
PRJ0160,Contemporary Apartment,2/5/2024,15/2/2024,10,Delayed,CUST257,Meridian Consulting,Corporate,Commercial,Retail Store,Industrial,Painting,Unknown,PM002,4," 1,088,016.00 ", Estimated ," 1,072,818.00 "," 412,188.00 "," 162,962.00 "," 55,925.00 "," 631,075.00 "," 441,743.00 ",41%,Outstanding,Transfer,3,1,Yes,Walk-in,
PRJ0161,Industrial Apartment,11/30/2025,-,-,Cancelled,CUST226,Robert Johnson,Corporate,Residential,Office,Scandinavian,Decoration,Enugu,PM006,6," 8,135,534.00 ", Estimated ," 9,131,963.00 "," 4,829,572.00 "," 1,388,762.00 "," 574,905.00 "," 6,793,239.00 "," 2,338,724.00 ",26%,Paid,Cash,5,1,No,Website,
PRJ0162,Modern Restaurant,3/21/2024,2024-05-25,65,Completed,CUST038,Golden Hospitality,Individual,Residential,Apartment,Scandinavian,Painting,Delta,PM002,4," 4,834,390.00 ", Estimated ," 4,917,914.00 "," 2,276,016.00 "," 1,195,733.00 "," 348,581.00 "," 3,820,330.00 "," 1,097,584.00 ",22%,Outstanding,Transfer,3,1,No,Referral,
PRJ0163,Minimalist Duplex,5/19/2023,-,-,Cancelled,CUST247,Summit Enterprises,Corporate,Commercial,Restaurant,Luxury,Painting,Ogun,PM007,11," 8,683,357.00 ", Estimated ," 9,603,889.00 "," 4,078,042.00 "," 1,631,190.00 "," 442,131.00 "," 6,151,363.00 "," 3,452,526.00 ",36%,Part Payment,Cash,3,1,No,Facebook,
PRJ0164,Minimalist Office,12/7/2022,20/3/2023,103,Completed,CUST244,Segun Adebayo,Individual,Commercial,Office,Luxury,Painting,Delta,PM009,3," 12,347,791.00 ", Estimated ," 13,659,822.00 "," 6,627,798.00 "," 2,363,222.00 "," 519,706.00 "," 9,510,726.00 "," 4,149,096.00 ",30%,Paid,POS,4,1,Yes,Unknown,
PRJ0165,Industrial Office,7/20/2022,15/10/2022,87,Completed,CUST250,Metro Hospitality,Individual,Commercial,Office,Modern,Furniture Supply,Kano,PM005,16," 6,198,765.00 ", Estimated ," 6,980,515.00 "," 3,037,368.00 "," 1,720,317.00 "," 325,627.00 "," 5,083,312.00 "," 1,897,203.00 ",27%,Outstanding,POS,5,1,No,Walk-in,
PRJ0166,Modern Restaurant,1/27/2023,-,-,Cancelled,CUST133,Ngozi Abubakar,Corporate,Residential,Duplex,Industrial,Decoration,Lagos,PM003,3," 9,975,925.00 ", Estimated ," 10,588,479.00 "," 4,210,540.00 "," 1,864,327.00 "," 401,031.00 "," 6,475,898.00 "," 4,112,581.00 ",39%,Outstanding,POS,5,1,Yes,Walk-in,
PRJ0167,Luxury Duplex,12/7/2022,2023-01-18,42,Completed,CUST229,Golden Holdings,Corporate,Residential,Office,Modern,Renovation,Ogun,PM010,6," 8,257,231.00 ", Estimated ," 9,084,240.00 "," 4,233,237.00 "," 2,054,376.00 "," 573,523.00 "," 6,861,136.00 "," 2,223,104.00 ",24%,Outstanding,POS,4,1,Yes,Facebook,
PRJ0168,Industrial Retail Store,12/9/2022,2023-02-07,60,Completed,CUST104,Ngozi Brown,Individual,Commercial,Apartment,Luxury,Space Planning,Lagos,PM002,4," 9,613,197.00 ", Estimated ," 9,519,247.00 "," 4,440,006.00 "," 1,607,312.00 "," 614,682.00 "," 6,662,000.00 "," 2,857,247.00 ",30%,Outstanding,Transfer,4,1,Yes,Walk-in,
PRJ0169,Scandinavian Retail Store,10/11/2025,-,,Ongoing,CUST241,Skyline Hospitality,Corporate,Residential,Duplex,Scandinavian,Interior Design,Lagos,PM010,6," 4,727,556.00 ", Estimated ," 4,742,830.00 "," 1,845,289.00 "," 916,855.00 "," 229,679.00 "," 2,991,823.00 "," 1,751,007.00 ",37%,Paid,Transfer,4,1,No,Walk-in,
PRJ0170,Luxury Apartment,5/24/2023,2023-06-19,26,Completed,CUST005,Redwood Properties,Corporate,Commercial,Office,Minimalist,Painting,Ogun,PM010,6," 568,055.00 ", Estimated ," 628,743.00 "," 318,925.00 "," 132,866.00 "," 26,431.00 "," 478,222.00 "," 150,521.00 ",24%,Paid,POS,4,1,No,Website,
PRJ0171,Luxury Apartment,2/25/2022,2022-03-20,23,Completed,CUST215,Charles Nwosu,Individual,Commercial,Hotel,,Furniture Supply,Oyo,PM005,16," 4,073,928.00 ", Estimated ," 4,266,751.00 "," 2,343,534.00 "," 970,312.00 "," 209,898.00 "," 3,523,744.00 "," 743,007.00 ",17%,Part Payment,Transfer,4,1,No,Website,
PRJ0172,Scandinavian Hotel,2/11/2024,-,,Cancelled,CUST228,Susan Balogun,Individual,Residential,Restaurant,Scandinavian,Interior Design,Kano,PM001,8," 4,216,885.00 ", Estimated ," 4,611,682.00 "," 1,966,999.00 "," 748,614.00 "," 245,387.00 "," 2,961,000.00 "," 1,650,682.00 ",36%,Paid,Method Not Recorded,5,1,No,Walk-in,
PRJ0173,Luxury Retail Store,5/22/2025,1/7/2025,24,Delayed,CUST066,Obinna Okafor,Corporate,Residential,Apartment,Minimalist,Interior Design,Oyo,PM009,3," 6,065,095.00 ", Estimated ," 5,988,765.00 "," 3,048,963.00 "," 1,012,042.00 "," 259,703.00 "," 4,320,708.00 "," 1,668,057.00 ",28%,Outstanding,Transfer,4,1,No,Referral,
PRJ0174,Luxury Retail Store,2/9/2023,-,,Cancelled,CUST283,Redwood Capital,Individual,Commercial,Duplex,Contemporary,Space Planning,Kano,PM005,16,, Not Yet Estimated ," 4,508,179.00 "," 1,686,876.00 "," 815,314.00 "," 185,974.00 "," 2,688,164.00 "," 1,820,015.00 ",40%,Paid,Transfer,3,1,No,Website,
PRJ0175,Industrial Duplex,7/24/2023,2023-11-06,86,Completed,CUST066,Obinna Okafor,Corporate,Commercial,Duplex,Contemporary,Interior Design,Enugu,PM001,8," 2,134,338.00 ", Estimated ," 2,324,004.00 "," 1,162,741.00 "," 482,624.00 "," 112,359.00 "," 1,757,724.00 "," 566,280.00 ",24%,Outstanding,Cash,4,1,Yes,Instagram,
PRJ0176,Luxury Restaurant,9/1/2023,22/9/2023,96,Delayed,CUST046,Prime Properties,Corporate,Residential,Duplex,Modern,Decoration,Oyo,PM001,8," 11,941,818.00 ", Estimated ," 12,532,891.00 "," 5,341,665.00 "," 2,572,968.00 "," 917,766.00 "," 8,832,399.00 "," 3,700,492.00 ",30%,Outstanding,Cash,,0,Yes,Facebook,
PRJ0177,Minimalist Hotel,2/9/2022,-,,Cancelled,CUST293,Sterling Enterprises,Corporate,Commercial,Office,Minimalist,Furniture Supply,Oyo,PM007,11," 4,432,190.00 ", Estimated ," 4,920,172.00 "," 2,664,271.00 "," 1,173,251.00 "," 211,382.00 "," 4,048,904.00 "," 871,268.00 ",18%,Paid,Cash,3,1,No,Facebook,
PRJ0178,Contemporary Hotel,11/26/2022,27/12/2022,65,Delayed,CUST116,Patricia Danjuma,Corporate,Residential,Retail Store,Modern,Interior Design,Delta,PM008,17," 10,881,717.00 ", Estimated ," 12,397,904.00 "," 6,379,649.00 "," 1,901,748.00 "," 393,450.00 "," 8,674,847.00 "," 3,723,057.00 ",30%,Paid,Cash,4,1,Yes,Referral,
PRJ0179,Scandinavian Restaurant,6/8/2024,2024-10-04,118,Completed,CUST212,Chinwe Abubakar,Individual,Commercial,Restaurant,Luxury,Renovation,Enugu,PM005,16," 1,288,754.00 ", Estimated ," 1,386,661.00 "," 711,646.00 "," 308,207.00 "," 88,183.00 "," 1,108,036.00 "," 278,625.00 ",20%,Outstanding,POS,5,1,Yes,Walk-in,
PRJ0180,Industrial Retail Store,1/30/2025,2025-05-10,100,Completed,CUST178,Sadiq Okafor,Individual,Commercial,Office,Contemporary,Painting,Lagos,PM002,4," 10,038,257.00 ", Estimated ," 10,951,380.00 "," 4,138,492.00 "," 1,940,486.00 "," 369,396.00 "," 6,448,374.00 "," 4,503,006.00 ",41%,Outstanding,Transfer,4,1,Yes,Facebook,
PRJ0181,Modern Restaurant,2/27/2024,2024-06-13,107,Completed,CUST133,Ngozi Abubakar,Individual,Residential,Retail Store,Luxury,Decoration,Abuja,PM005,16," 4,186,781.00 ", Estimated ," 4,472,044.00 "," 2,423,952.00 "," 1,082,398.00 "," 323,992.00 "," 3,830,342.00 "," 641,702.00 ",14%,Part Payment,POS,4,1,No,Facebook,
PRJ0182,Industrial Office,7/3/2025,2025-09-07,66,Completed,CUST189,Grace Nnamdi,Individual,Commercial,Apartment,Luxury,Painting,Ogun,PM007,11," 7,520,163.00 ", Estimated ," 8,219,588.00 "," 4,057,053.00 "," 1,983,305.00 "," 556,874.00 "," 6,597,232.00 "," 1,622,356.00 ",20%,Part Payment,Cash,4,1,Yes,Facebook,
PRJ0183,Contemporary Hotel,4/5/2025,-,-,Cancelled,CUST242,Meridian Ventures,Corporate,Residential,Apartment,Scandinavian,Painting,Delta,PM009,3," 3,143,809.00 ", Estimated ," 3,593,093.00 "," 1,688,016.00 "," 587,991.00 "," 217,845.00 "," 2,493,852.00 "," 1,099,241.00 ",31%,Part Payment,POS,5,1,No,Instagram,
PRJ0184,Contemporary Apartment,11/15/2023,7/1/2024,53,Delayed,CUST134,Kelechi Brown,Individual,Residential,Duplex,Minimalist,Space Planning,Delta,PM010,6," 12,499,411.00 ", Estimated ," 12,050,393.00 "," 6,611,763.00 "," 2,757,888.00 "," 561,390.00 "," 9,931,041.00 "," 2,119,352.00 ",18%,Paid,Transfer,4,1,No,Website,
PRJ0185,Modern Hotel,10/16/2022,11/11/2022,26,Completed,CUST204,Summit Properties,Corporate,Residential,Office,Minimalist,Decoration,Delta,PM002,4," 4,238,132.00 ", Estimated ," 4,827,114.00 "," 2,514,999.00 "," 906,453.00 "," 337,399.00 "," 3,758,851.00 "," 1,068,263.00 ",22%,Outstanding,Transfer,4,1,No,Referral,
PRJ0186,Modern Restaurant,12/16/2025,7/4/2026,112,Completed,CUST209,Musa Nnamdi,Individual,Residential,Apartment,Industrial,Furniture Supply,Kano,PM001,8," 10,870,547.00 ", Estimated ," 10,620,744.00 "," 5,353,865.00 "," 2,194,621.00 "," 756,043.00 "," 8,304,529.00 "," 2,316,215.00 ",22%,Outstanding,Transfer,5,1,No,  Walk-in,
PRJ0187,Minimalist Duplex,12/22/2024,-,-,Cancelled,CUST278,Segun Okafor,Individual,Residential,Restaurant,Contemporary,Renovation,Ogun,PM006,6," 14,047,971.00 ", Estimated ," 15,713,499.00 "," 8,563,635.00 "," 3,378,520.00 "," 681,131.00 "," 12,623,286.00 "," 3,090,213.00 ",20%,Outstanding,Cash,4,1,No,Facebook,
PRJ0188,Industrial Duplex,7/19/2025,-,-,Cancelled,CUST120,Chukwudi Afolabi,Individual,Residential,Restaurant,Modern,Painting,Lagos,PM006,6," 2,671,417.00 ", Estimated ," 2,684,640.00 "," 1,440,032.00 "," 450,476.00 "," 197,592.00 "," 2,088,100.00 "," 596,540.00 ",22%,Outstanding,Transfer,4,1,No,Facebook,
PRJ0189,Luxury Office,10/4/2025,2026-01-02,90,Completed,CUST230,Ibrahim Adeyemi,Individual,Residential,Office,Luxury,Painting,Rivers,PM003,3," 6,197,537.00 ", Estimated ," 6,578,256.00 "," 3,151,882.00 "," 1,323,343.00 "," 232,346.00 "," 4,707,571.00 "," 1,870,685.00 ",28%,Part Payment,POS,4,1,No,Unknown,
PRJ0190,Luxury Retail Store,3/3/2025,2025-06-10,99,Completed,CUST070,Oakridge Ventures,Corporate,Residential,Hotel,Minimalist,Renovation,Lagos,PM009,3," 814,041.00 ", Estimated ," 888,452.00 "," 445,413.00 "," 190,560.00 "," 64,169.00 "," 700,142.00 "," 188,310.00 ",21%,Outstanding,POS,4,1,No,Facebook,
PRJ0191,Industrial Retail Store,3/27/2026,-,-,Cancelled,CUST030,Redwood Holdings,Corporate,Residential,Duplex,Scandinavian,Furniture Supply,Kano,PM004,15," 12,284,059.00 ", Estimated ," 12,532,392.00 "," 6,470,810.00 "," 2,560,461.00 "," 874,464.00 "," 9,905,735.00 "," 2,626,657.00 ",21%,Part Payment,Transfer,5,1,Yes,Instagram,
PRJ0192,Contemporary Restaurant,5/22/2022,15/9/2022,116,Delayed,CUST137,Horizon Capital,Corporate,Residential,Duplex,Modern,Decoration,Enugu,PM008,17," 9,565,793.00 ", Estimated ," 10,620,325.00 "," 5,182,981.00 "," 2,171,563.00 "," 503,207.00 "," 7,857,751.00 "," 2,762,574.00 ",26%,Paid,Transfer,4,1,No,Facebook,
PRJ0193,Industrial Apartment,8/24/2024,-,-,Cancelled,CUST215,Charles Nwosu,Corporate,Residential,Retail Store,Contemporary,Renovation,Rivers,PM004,15,, Not Yet Estimated-walk in ," 13,424,039.00 "," 5,491,976.00 "," 2,563,093.00 "," 552,023.00 "," 8,607,092.00 "," 4,816,947.00 ",36%,Outstanding,POS,5,1,Yes,Walk-in,
PRJ0194,Modern Hotel,11/25/2025,-,,Ongoing,CUST224,Oakridge Retail,Individual,Residential,Office,Contemporary,Painting,Delta,PM003,3," 8,995,885.00 ", Estimated ," 9,182,120.00 "," 3,286,829.00 "," 1,478,184.00 "," 534,755.00 "," 5,299,768.00 "," 3,882,352.00 ",42%,Part Payment,POS,4,1,Yes,Referral,
PRJ0195,Modern Hotel,3/22/2025,2025-05-23,62,Completed,CUST017,Summit Hospitality,Corporate,Commercial,Office,Contemporary,Painting,Rivers,PM008,17," 4,937,198.00 ", Estimated ," 5,492,281.00 "," 1,943,185.00 "," 925,773.00 "," 364,370.00 "," 3,233,328.00 "," 2,258,953.00 ",41%,Outstanding,POS,4,1,No,Walk-in,
PRJ0196,Luxury Hotel,4/14/2024,4/8/2024,112,Completed,CUST063,Summit Realty,Individual,Residential,Apartment,Modern,Renovation,Delta,PM002,4," 4,703,673.00 ", Estimated ," 4,613,671.00 "," 2,249,330.00 "," 799,136.00 "," 285,160.00 "," 3,333,626.00 "," 1,280,045.00 ",28%,Paid,Transfer,3,1,Yes,Instagram,
PRJ0197,Industrial Retail Store,4/26/2024,3/7/2024,68,Completed,CUST226,Robert Johnson,Corporate,Residential,Apartment,Luxury,Interior Design,Unknown,PM006,6," 11,437,017.00 ", Estimated ," 11,024,117.00 "," 4,334,614.00 "," 2,313,299.00 "," 805,738.00 "," 7,453,651.00 "," 3,570,466.00 ",32%,Outstanding,POS,5,1,Yes,Website,
PRJ0198,Contemporary Apartment,4/28/2024,-,-,Cancelled,CUST237,Chidinma Chukwu,Individual,Residential,Retail Store,Contemporary,Furniture Supply,Oyo,PM006,6," 4,732,234.00 ", Estimated ," 4,762,540.00 "," 1,886,653.00 "," 944,570.00 "," 271,557.00 "," 3,102,780.00 "," 1,659,760.00 ",35%,Part Payment,POS,4,1,Yes,Instagram,
PRJ0199,Contemporary Hotel,4/18/2024,-,-,Cancelled,CUST260,Prime Enterprises,Individual,Commercial,Apartment,Minimalist,Interior Design,Enugu,PM006,6," 14,359,375.00 ", Estimated ," 14,569,971.00 "," 7,976,962.00 "," 3,060,937.00 "," 776,584.00 "," 11,814,483.00 "," 2,755,488.00 ",19%,Part Payment,Cash,5,1,Yes,Referral,
PRJ0200,Minimalist Retail Store,9/1/2022,2022-10-04,33,Completed,CUST093,Oakridge Capital,Corporate,Residential,Office,Contemporary,Decoration,Kano,PM001,8," 2,987,309.00 ", Estimated ," 2,994,587.00 "," 1,242,854.00 "," 713,917.00 "," 146,204.00 "," 2,102,975.00 "," 891,612.00 ",30%,Outstanding,Transfer,5,1,Yes,Instagram,
PRJ0201,Scandinavian Apartment,10/14/2024,26/12/2024,73,Delayed,CUST124,Patricia Brown,Individual,Commercial,Hotel,Contemporary,Decoration,Rivers,PM008,17," 184,169,175.00 ", Estimated ," 11,943,909.00 "," 4,778,690.00 "," 2,732,364.00 "," 371,412.00 "," 7,882,466.00 "," 4,061,443.00 ",34%,Outstanding,Transfer,3,1,Yes,Facebook,
PRJ0202,Minimalist Duplex,8/23/2025,1/10/2025,39,Delayed,CUST117,Prime Capital,Corporate,Residential,Duplex,  Luxury,Decoration,Kano,PM001,8," 3,474,976.00 ", Estimated ," 3,939,828.00 "," 1,735,669.00 "," 864,940.00 "," 159,654.00 "," 2,760,263.00 "," 1,179,565.00 ",30%,Paid,Method Not Recorded,3,1,Yes,Instagram,
PRJ0204,Luxury Retail Store,6/8/2022,2022-07-02,24,Completed,CUST110,Kemi Balogun,Individual,Residential,Hotel,Industrial,Renovation,Rivers,PM009,3," 5,734,617.00 ", Estimated ," 5,737,954.00 "," 2,745,538.00 "," 1,095,189.00 "," 229,957.00 "," 4,070,684.00 "," 1,667,270.00 ",29%,Outstanding,Cash,3,1,Yes,Referral,
PRJ0205,Luxury Restaurant,2/26/2023,14/3/2023,16,Delayed,CUST294,Prime Holdings,Corporate,Commercial,Hotel,Industrial,Furniture Supply,Unknown,PM008,17," 14,883,343.00 ", Estimated ," 16,343,810.00 "," 7,070,264.00 "," 3,613,182.00 "," 919,892.00 "," 11,603,338.00 "," 4,740,472.00 ",29%,Part Payment,POS,4,1,Yes,Facebook,
PRJ0206,Industrial Restaurant,6/18/2022,2022-09-05,79,Completed,CUST118,Segun Abubakar,Corporate,Residential,Restaurant,Scandinavian,Furniture Supply,Lagos,PM002,4," 13,742,076.00 ", Estimated ," 15,439,013.00 "," 6,254,505.00 "," 2,824,515.00 "," 687,633.00 "," 9,766,653.00 "," 5,672,360.00 ",37%,Paid,POS,4,1,No,Facebook,
PRJ0207,Modern Duplex,4/4/2023,2023-06-14,71,Completed,CUST001,Tunde Johnson,Corporate,Residential,Office,Minimalist,Painting,Ogun,PM007,11," 9,464,759.00 ", Estimated ," 10,589,177.00 "," 4,498,251.00 "," 2,196,303.00 "," 634,597.00 "," 7,329,151.00 "," 3,260,026.00 ",31%,Paid,Cash,3,1,Yes,Facebook,
PRJ0208,Modern Retail Store,7/22/2024,12/8/2024,21,Completed,CUST106,Amaka Afolabi,Individual,Residential,Duplex,Industrial,Furniture Supply,Abuja,PM010,6," 11,896,745.00 ", Estimated ," 12,816,570.00 "," 6,916,430.00 "," 2,603,682.00 "," 708,865.00 "," 10,228,977.00 "," 2,587,593.00 ",20%,Paid,POS,,0,Yes,  Referral,
PRJ0209,Industrial Restaurant,12/30/2022,2023-03-26,86,Completed,CUST117,Prime Capital,Corporate,Residential,Office,Contemporary,Renovation,Oyo,PM010,6," 13,797,350.00 ", Estimated ," 15,572,633.00 "," 8,355,259.00 "," 3,369,523.00 "," 732,842.00 "," 12,457,624.00 "," 3,115,009.00 ",20%,Outstanding,Transfer,4,1,No,Instagram,
PRJ0210,Modern Duplex,9/14/2022,4/11/2022,51,Completed,CUST010,Emeka Smith,Individual,Commercial,Duplex,Industrial,Interior Design,Oyo,PM006,6," 525,443.00 ", Estimated ," 553,592.00 "," 211,614.00 "," 86,156.00 "," 31,898.00 "," 329,668.00 "," 223,924.00 ",40%,Outstanding,Cash,4,1,Yes,Website,
PRJ0211,Contemporary Retail Store,12/29/2023,8/2/2024,41,Delayed,CUST247,Summit Enterprises,Individual,Commercial,Restaurant,Scandinavian,Interior Design,Kano,PM002,4," 1,110,833.00 ", Estimated ," 1,176,476.00 "," 629,699.00 "," 270,470.00 "," 85,108.00 "," 985,277.00 "," 191,199.00 ",16%,Part Payment,Cash,5,1,Yes,  Website,
PRJ0212,Modern Restaurant,6/15/2025,16/9/2025,93,Delayed,CUST210,Pinnacle Group,Corporate,Residential,Apartment,Scandinavian,Interior Design,Abuja,PM010,6," 623,503.00 ", Estimated ," 669,155.00 "," 310,715.00 "," 121,130.00 "," 20,714.00 "," 452,559.00 "," 216,596.00 ",32%,Part Payment,Cash,4,1,Yes,Unknown,
PRJ0213,Minimalist Office,5/19/2022,2022-08-23,96,Completed,CUST205,Horizon Retail,Corporate,Residential,Office,Modern,Painting,Abuja,PM003,3," 3,327,585.00 ", Estimated ," 3,578,829.00 "," 1,713,176.00 "," 731,801.00 "," 253,293.00 "," 2,698,270.00 "," 880,559.00 ",25%,Part Payment,POS,,1,No,Website,
PRJ0214,Contemporary Duplex,8/29/2022,10/11/2022,73,Completed,CUST251,Prime Consulting,Corporate,Commercial,Office,Minimalist,Furniture Supply,Enugu,PM007,11," 3,286,206.00 ", Estimated ," 3,244,527.00 "," 1,486,695.00 "," 575,930.00 "," 224,312.00 "," 2,286,937.00 "," 957,590.00 ",30%,Part Payment,Transfer,3,1,No,Website,
PRJ0215,Minimalist Apartment,2/1/2022,19/5/2022,107,Completed,CUST249,Wale Musa,Individual,Residential,Apartment,Contemporary,Space Planning,Enugu,PM002,4," 5,823,184.00 ", Estimated ," 5,596,448.00 "," 2,848,464.00 "," 1,195,271.00 "," 178,775.00 "," 4,222,510.00 "," 1,373,938.00 ",25%,Paid,Cash,4,1,Yes,Referral,
PRJ0216,Modern Office,4/6/2025,2025-06-09,64,Completed,CUST145,Crestview Properties,Corporate,Residential,Hotel,Scandinavian,Decoration,Oyo,PM009,3," 12,338,397.00 ", Estimated ," 13,160,572.00 "," 5,104,331.00 "," 2,669,492.00 "," 688,329.00 "," 8,462,152.00 "," 4,698,420.00 ",36%,Outstanding,POS,4,1,Yes,Referral,
PRJ0217,Industrial Apartment,12/7/2022,18/2/2023,73,Delayed,CUST192,Skyline Consulting,Corporate,Commercial,Office,Luxury,Furniture Supply,Delta,PM009,3," 13,527,248.00 ", Estimated ," 14,267,416.00 "," 7,350,386.00 "," 3,168,993.00 "," 568,361.00 "," 11,087,740.00 "," 3,179,676.00 ",22%,Paid,Transfer,4,1,Yes,Walk-in,
PRJ0218,Scandinavian Retail Store,2/3/2025,2025-05-12,98,Completed,CUST086,Tunde Brown,Individual,Commercial,Restaurant,Luxury,Space Planning,Abuja,PM001,8," 14,226,192.00 ", Estimated ," 13,673,676.00 "," 6,172,076.00 "," 3,005,776.00 "," 937,197.00 "," 10,115,049.00 "," 3,558,627.00 ",26%,Outstanding,POS,4,1,No,Facebook,
PRJ0219,Luxury Restaurant,8/27/2022,1/11/2022,66,Delayed,CUST270,James Abubakar,Individual,Commercial,Office,,Furniture Supply,Abuja,PM003,3," 1,045,923.00 ", Estimated ," 1,018,148.00 "," 507,718.00 "," 183,192.00 "," 47,582.00 "," 738,492.00 "," 279,656.00 ",27%,Part Payment,Transfer,4,1,Yes,Facebook,
PRJ0220,Modern Office,2/15/2024,-,-,Cancelled,CUST055,Tunde Martinez,Individual,Commercial,Retail Store,Contemporary,Renovation,Lagos,PM005,16," 13,300,102.00 ", Estimated ," 14,035,563.00 "," 6,968,538.00 "," 2,344,056.00 "," 997,487.00 "," 10,310,081.00 "," 3,725,482.00 ",27%,Part Payment,POS,4,1,No,Instagram,
PRJ0221,Scandinavian Apartment,7/11/2025,-,-,Cancelled,CUST230,Ibrahim Adeyemi,Individual,Commercial,Duplex,Minimalist,Space Planning,Ogun,PM007,11," 1,278,909.00 ", Estimated ," 1,354,037.00 "," 615,196.00 "," 208,362.00 "," 87,154.00 "," 910,712.00 "," 443,325.00 ",33%,Outstanding,Transfer,3,1,Yes,Walk-in,
PRJ0222,Modern Duplex,3/25/2022,-,-,Cancelled,CUST019,Skyline Enterprises,Corporate,Commercial,Office,Contemporary,Painting,Unknown,PM010,6," 9,296,899.00 ", Estimated ," 9,655,538.00 "," 3,641,428.00 "," 1,982,828.00 "," 324,497.00 "," 5,948,753.00 "," 3,706,785.00 ",38%,Paid,Transfer,4,1,No,Instagram,
PRJ0223,Scandinavian Apartment,6/25/2022,-,-,Cancelled,CUST144,Tunde Abubakar,Corporate,Residential,Duplex,Minimalist,Interior Design,Oyo,PM006,6," 7,560,454.00 ", Estimated ," 7,206,257.00 "," 2,637,973.00 "," 1,379,271.00 "," 364,152.00 "," 4,381,396.00 "," 2,824,861.00 ",39%,Outstanding,POS,3,1,No,Website,
PRJ0224,Scandinavian Apartment,4/2/2023,2023-06-24,83,Completed,CUST242,Meridian Ventures,Individual,Residential,Office,Scandinavian,Furniture Supply,Oyo,PM004,15," 12,477,324.00 ", Estimated ," 12,505,391.00 "," 5,974,971.00 "," 2,968,534.00 "," 513,918.00 "," 9,457,423.00 "," 3,047,968.00 ",24%,Paid,Cash,4,1,No,Website,
PRJ0225,Modern Office,7/12/2025,18/8/2025,37,Completed,CUST167,Vertex Ventures,Corporate,Residential,Hotel,Industrial,Renovation,Oyo,PM007,11," 8,439,064.00 ", Estimated ," 9,044,607.00 "," 4,656,960.00 "," 2,009,446.00 "," 379,592.00 "," 7,045,998.00 "," 1,998,609.00 ",22%,Paid,Cash,3,1,No,Walk-in,
PRJ0226,Scandinavian Restaurant,3/12/2024,2024-05-27,76,Completed,CUST074,Musa Nwosu,Individual,Commercial,Hotel,Contemporary,Decoration,Ogun,PM005,16," 6,364,997.00 ", Estimated ," 6,799,014.00 "," 3,397,949.00 "," 1,689,185.00 "," 317,378.00 "," 5,404,512.00 "," 1,394,502.00 ",21%,Outstanding,Cash,4,1,Yes,Walk-in,
PRJ0227,Scandinavian Apartment,12/2/2022,17/3/2023,105,Delayed,CUST004,Coastal Capital,Individual,Residential,Retail Store,  Industrial,Painting,Delta,PM001,8," 12,776,590.00 ", Estimated ," 13,408,083.00 "," 7,187,728.00 "," 2,341,591.00 "," 439,396.00 "," 9,968,715.00 "," 3,439,368.00 ",26%,Outstanding,Transfer,4,1,Yes,Referral,
PRJ0228,Scandinavian Hotel,8/23/2025,10/9/2025,18,Delayed,CUST009,Sterling Retail,Corporate,Commercial,Office,Minimalist,Painting,Enugu,PM010,6," 4,329,464.00 ", Estimated ," 4,321,904.00 "," 1,814,179.00 "," 1,036,983.00 "," 183,127.00 "," 3,034,289.00 "," 1,287,615.00 ",30%,Part Payment,Cash,5,1,No,Instagram,
PRJ0229,Minimalist Office,7/2/2023,13/9/2023,73,Completed,CUST166,Susan Ibe,Corporate,Commercial,Office,Industrial,Space Planning,Unknown,PM008,17," 9,817,502.00 ", Estimated ," 10,750,887.00 "," 4,285,732.00 "," 1,824,068.00 "," 395,589.00 "," 6,505,389.00 "," 4,245,498.00 ",39%,Paid,POS,4,1,Yes,Website,
PRJ0230,Minimalist Hotel,1/13/2024,-,-,Cancelled,CUST089,Horizon Group,Corporate,Residential,Restaurant,Industrial,Decoration,Enugu,PM004,15," 12,553,211.00 ", Estimated ," 14,325,390.00 "," 7,267,479.00 "," 3,465,875.00 "," 817,903.00 "," 11,551,257.00 "," 2,774,133.00 ",19%,Outstanding,POS,4,1,No,Referral,
PRJ0231,Scandinavian Restaurant,6/18/2025,14/9/2025,88,Delayed,CUST190,Horizon Realty,Individual,Commercial,Retail Store,,Decoration,Lagos,PM004,15," 10,493,654.00 ", Estimated ," 10,187,050.00 "," 3,911,042.00 "," 2,047,539.00 "," 636,076.00 "," 6,594,657.00 "," 3,592,393.00 ",35%,Outstanding,POS,4,1,No,Referral,
PRJ0232,Minimalist Retail Store,2/16/2024,-,-,Cancelled,CUST254,Segun Eze,Individual,Residential,Hotel,,Painting,Kano,PM001,8," 14,872,628.00 ", Estimated ," 17,060,302.00 "," 7,105,433.00 "," 3,218,459.00 "," 790,070.00 "," 11,113,962.00 "," 5,946,340.00 ",35%,Part Payment,Transfer,4,1,Yes,Referral,
PRJ0233,Contemporary Office,9/29/2024,2024-12-03,65,Completed,CUST041,Coastal Properties,Corporate,Residential,Hotel,Industrial,Painting,Kano,PM009,3," 11,572,432.00 ", Estimated ," 11,854,608.00 "," 5,383,417.00 "," 2,429,270.00 "," 356,152.00 "," 8,168,839.00 "," 3,685,769.00 ",31%,Outstanding,Cash,4,1,Yes,Website,
PRJ0234,Scandinavian Restaurant,10/10/2022,-,-,Cancelled,CUST021,Summit Capital,Corporate,Commercial,Office,Minimalist,Interior Design,Abuja,PM001,8," 9,026,717.00 ", Estimated ," 10,068,789.00 "," 4,025,833.00 "," 1,694,628.00 "," 663,728.00 "," 6,384,189.00 "," 3,684,600.00 ",37%,Paid,Cash,5,1,No,Website,
PRJ0235,Minimalist Retail Store,9/25/2022,1/11/2022,37,Delayed,CUST074,Musa Nwosu,Corporate,Residential,Apartment,Contemporary,Renovation,Kano,PM002,4," 8,812,867.00 ", Estimated ," 8,516,460.00 "," 4,215,423.00 "," 1,388,016.00 "," 496,923.00 "," 6,100,362.00 "," 2,416,098.00 ",28%,Paid,Cash,4,1,No,Website,
PRJ0236,Scandinavian Apartment,10/27/2024,2024-11-08,12,Completed,CUST203,Zainab Balogun,Individual,Commercial,Retail Store,Minimalist,Painting,Lagos,PM005,16," 6,002,867.00 ", Estimated ," 5,780,616.00 "," 3,092,606.00 "," 1,108,918.00 "," 406,504.00 "," 4,608,028.00 "," 1,172,588.00 ",20%,Paid,POS,4,1,No,Instagram,
PRJ0237,Luxury Duplex,9/12/2024,16/12/2024,95,Delayed,CUST245,Charles Eze,Individual,Commercial,Apartment,Luxury,Interior Design,Rivers,PM008,17," 1,703,832.00 ", Estimated ," 1,951,021.00 "," 879,606.00 "," 470,657.00 "," 121,823.00 "," 1,472,086.00 "," 478,935.00 ",25%,Part Payment,Transfer,4,1,Yes,Referral,
PRJ0238,Modern Duplex,10/11/2024,2/1/2025,83,Completed,CUST204,Summit Properties,Corporate,Residential,Retail Store,Minimalist,Painting,Kano,PM009,3," 9,689,867.00 ", Estimated ," 9,523,836.00 "," 4,521,723.00 "," 2,229,470.00 "," 605,429.00 "," 7,356,622.00 "," 2,167,214.00 ",23%,Part Payment,Transfer,5,1,No,Website,
PRJ0239,Industrial Retail Store,10/18/2024,15/1/2025,89,Delayed,CUST271,Chukwudi Abubakar,Individual,Commercial,Retail Store,Industrial,Space Planning,Abuja,PM007,11," 7,565,503.00 ", Estimated ," 8,699,018.00 "," 4,719,695.00 "," 1,875,933.00 "," 501,088.00 "," 7,096,716.00 "," 1,602,302.00 ",18%,Paid,POS,4,1,No,Instagram,
PRJ0240,Minimalist Office,5/10/2022,-,-,Cancelled,CUST026,Chukwudi Ibrahim,Individual,Commercial,Office,Industrial,Furniture Supply,Lagos,PM009,3," 4,401,382.00 ", Estimated ," 4,997,307.00 "," 2,298,008.00 "," 1,106,645.00 "," 238,350.00 "," 3,643,003.00 "," 1,354,304.00 ",27%,Paid,Transfer,3,1,Yes,Instagram,
PRJ0241,Contemporary Restaurant,7/26/2022,20/8/2022,25,Delayed,CUST210,Pinnacle Group,Individual,Residential,Apartment,Minimalist,Renovation,Delta,PM007,11," 7,903,839.00 ", Estimated ," 8,989,600.00 "," 4,865,797.00 "," 1,566,174.00 "," 543,543.00 "," 6,975,514.00 "," 2,014,086.00 ",22%,Outstanding,Transfer,4,1,No,Referral,
PRJ0242,Industrial Retail Store,11/23/2022,17/1/2023,55,Completed,CUST185,Uche Adebayo,Individual,Commercial,Duplex,Contemporary,Furniture Supply,Abuja,PM002,4," 2,406,652.00 ", Estimated ," 2,322,183.00 "," 1,198,522.00 "," 381,824.00 "," 121,878.00 "," 1,702,224.00 "," 619,959.00 ",27%,Paid,POS,4,1,Yes,Facebook,
PRJ0243,Industrial Office,8/29/2022,2022-10-21,53,Completed,CUST268,Unknown Client,Corporate,Commercial,Hotel,Scandinavian,Decoration,Abuja,PM005,16," 11,754,135.00 ", Estimated ," 11,915,802.00 "," 4,895,857.00 "," 2,101,294.00 "," 878,709.00 "," 7,875,860.00 "," 4,039,942.00 ",34%,Outstanding,Cash,4,1,No,  Instagram,
PRJ0244,Contemporary Hotel,4/16/2026,9/5/2026,23,Delayed,CUST027,Ivory Ventures,Corporate,Residential,Retail Store,Minimalist,Decoration,Delta,PM006,6," 7,057,908.00 ", Estimated ," 7,685,172.00 "," 3,315,945.00 "," 1,204,721.00 "," 557,223.00 "," 5,077,889.00 "," 2,607,283.00 ",34%,Part Payment,Transfer,4,1,Yes,Facebook,
PRJ0245,Industrial Duplex,1/3/2024,2024-02-02,30,Completed,CUST245,Charles Eze,Corporate,Commercial,Office,Scandinavian,Space Planning,Abuja,PM006,6," 7,958,950.00 ", Estimated ," 8,589,529.00 "," 3,686,924.00 "," 1,808,668.00 "," 364,263.00 "," 5,859,855.00 "," 2,729,674.00 ",32%,Part Payment,Cash,5,1,Yes,Walk-in,
PRJ0246,Contemporary Hotel,3/28/2026,-,-,Ongoing,CUST092,Susan Obi,Individual,Residential,Apartment,Scandinavian,Interior Design,Rivers,PM004,15," 7,925,089.00 ", Estimated ," 7,933,323.00 "," 3,811,434.00 "," 1,634,524.00 "," 594,585.00 "," 6,040,543.00 "," 1,892,780.00 ",24%,Part Payment,Transfer,4,1,Yes,Website,
PRJ0247,Minimalist Apartment,7/28/2023,-,-,Cancelled,CUST099,Uche Balogun,Individual,Residential,Office,Contemporary,Space Planning,Kano,PM004,15," 10,296,437.00 ", Estimated ," 10,540,669.00 "," 4,528,770.00 "," 2,353,028.00 "," 628,169.00 "," 7,509,967.00 "," 3,030,702.00 ",29%,Paid,Transfer,3,1,No,Referral,
PRJ0248,Minimalist Retail Store,10/8/2024,2024-11-17,40,Completed,CUST177,Metro Enterprises,Corporate,Commercial,Retail Store,Contemporary,Renovation,Rivers,PM001,8," 8,848,266.00 ", Estimated ," 10,067,526.00 "," 4,374,197.00 "," 1,833,498.00 "," 564,890.00 "," 6,772,585.00 "," 3,294,941.00 ",33%,Outstanding,Pending,4,1,No,Facebook,
PRJ0249,Minimalist Office,12/19/2025,2026-02-07,50,Completed,CUST043,Sterling Properties,Corporate,Commercial,Hotel,Minimalist,Renovation,Lagos,PM007,11," 14,825,471.00 ", Estimated ," 14,931,567.00 "," 6,615,097.00 "," 2,396,240.00 "," 769,674.00 "," 9,781,011.00 "," 5,150,556.00 ",34%,Part Payment,POS,4,1,Yes,Walk-in,
PRJ0250,Minimalist Retail Store,12/28/2022,-,-,Cancelled,CUST080,Horizon Ventures,Corporate,Residential,Office,Contemporary,Interior Design,Delta,PM010,6," 2,141,379.00 ", Estimated ," 2,414,258.00 "," 964,887.00 "," 466,946.00 "," 152,709.00 "," 1,584,542.00 "," 829,716.00 ",34%,Part Payment,Cash,3,1,Yes,Website,
PRJ0251,Luxury Restaurant,12/24/2024,7/2/2025,45,Completed,CUST283,Redwood Capital,Corporate,Residential,Apartment,Industrial,Furniture Supply,Lagos,PM003,3," 2,107,590.00 ", Estimated ," 2,050,262.00 "," 1,020,354.00 "," 329,649.00 "," 125,273.00 "," 1,475,276.00 "," 574,986.00 ",28%,Part Payment,Cash,4,1,Yes,Facebook,
PRJ0252,Luxury Apartment,3/20/2022,2022-05-24,65,Completed,CUST183,Musa Balogun,Individual,Residential,Retail Store,Modern,Painting,Enugu,PM004,15," 7,248,637.00 ", Estimated ," 7,494,148.00 "," 2,951,881.00 "," 1,731,007.00 "," 259,926.00 "," 4,942,814.00 "," 2,551,334.00 ",34%,Outstanding,POS,5,1,Yes,Website,
PRJ0253,Modern Hotel,3/28/2023,2023-04-21,24,Completed,CUST089,Horizon Group,Corporate,Commercial,Hotel,Industrial,Renovation,Rivers,PM009,3," 10,041,886.00 ", Estimated ," 11,369,644.00 "," 5,713,219.00 "," 1,874,810.00 "," 803,375.00 "," 8,391,404.00 "," 2,978,240.00 ",26%,Outstanding,POS,3,1,No,Referral,
PRJ0254,Industrial Duplex,1/17/2025,-,-,Cancelled,CUST177,Metro Enterprises,Individual,Residential,Restaurant,Minimalist,Renovation,Rivers,PM005,16," 10,338,452.00 ", Estimated ," 10,077,964.00 "," 3,921,064.00 "," 2,203,707.00 "," 733,770.00 "," 6,858,541.00 "," 3,219,423.00 ",32%,Part Payment,Cash,4,1,Yes,Instagram,
PRJ0255,Scandinavian Hotel,2/11/2024,-,-,Cancelled,CUST228,Susan Balogun,Individual,Residential,Restaurant,Scandinavian,Interior Design,Kano,PM001,8," 4,216,885.00 ", Estimated ," 4,611,682.00 "," 1,966,999.00 "," 748,614.00 "," 245,387.00 "," 2,961,000.00 "," 1,650,682.00 ",36%,Paid,Method Not Recorded,5,1,No,Walk-in,
PRJ0256,Scandinavian Apartment,11/28/2022,30/12/2022,32,Delayed,CUST259,Yemi Brown,Individual,Residential,Retail Store,Contemporary,Furniture Supply,Lagos,PM003,3,, Not Yet Estimated-walk in ," 8,309,778.00 "," 4,226,355.00 "," 2,054,977.00 "," 521,740.00 "," 6,803,072.00 "," 1,506,706.00 ",18%,Outstanding,Transfer,4,1,No,Walk-in,
PRJ0257,Minimalist Office,12/15/2025,24/2/2026,71,Completed,CUST004,Coastal Capital,Corporate,Commercial,Restaurant,Minimalist,Painting,Delta,PM004,15," 6,393,166.00 ", Estimated ," 6,711,715.00 "," 2,727,314.00 "," 1,571,957.00 "," 495,249.00 "," 4,794,520.00 "," 1,917,195.00 ",29%,Outstanding,Pending,4,1,Yes,Walk-in,
PRJ0258,Scandinavian Hotel,2/17/2025,5/4/2025,47,Completed,CUST237,Chidinma Chukwu,Individual,Commercial,Apartment,Minimalist,Space Planning,Unknown,PM001,8," 4,416,566.00 ", Estimated ," 4,810,419.00 "," 2,115,474.00 "," 1,148,365.00 "," 378,418.00 "," 3,642,257.00 "," 1,168,162.00 ",24%,Paid,Transfer,4,1,Yes,Walk-in,
PRJ0259,Luxury Apartment,3/28/2022,20/4/2022,23,Delayed,CUST149,Metro Realty,Corporate,Residential,Duplex,Industrial,Furniture Supply,Kano,PM003,3," 2,153,486.00 ", Estimated ," 2,443,944.00 "," 929,651.00 "," 603,481.00 "," 110,837.00 "," 1,643,969.00 "," 799,975.00 ",33%,Paid,Transfer,4,1,No,Referral,
PRJ0260,Luxury Apartment,5/3/2026,2/7/2026,60,Completed,CUST166,Susan Ibe,Corporate,Residential,Restaurant,Industrial,Space Planning,Kano,PM006,6," 4,251,455.00 ", Estimated ," 4,860,887.00 "," 2,227,003.00 "," 776,739.00 "," 172,726.00 "," 3,176,468.00 "," 1,684,419.00 ",35%,Outstanding,Cash,4,1,Yes,Website,
PRJ0261,Industrial Hotel,1/17/2025,14/2/2025,28,Delayed,CUST152,Harbor Retail,Corporate,Residential,Apartment,Modern,Space Planning,Abuja,PM009,3," 10,425,392.00 ", Estimated ," 11,360,650.00 "," 5,475,637.00 "," 2,087,491.00 "," 627,232.00 "," 8,190,360.00 "," 3,170,290.00 ",28%,Part Payment,Cash,4,1,Yes,Walk-in,
PRJ0262,Minimalist Hotel,10/4/2023,30/11/2023,57,Delayed,CUST185,Uche Adebayo,Corporate,Residential,Office,Luxury,Renovation,Enugu,PM009,3," 5,977,091.00 ", Estimated ," 6,857,164.00 "," 3,014,258.00 "," 1,448,907.00 "," 287,322.00 "," 4,750,487.00 "," 2,106,677.00 ",31%,Paid,Transfer,4,1,No,Facebook,
PRJ0263,Luxury Retail Store,9/9/2025,14/10/2026,400,Completed,CUST148,Coastal Hospitality,Corporate,Commercial,Retail Store,Luxury,Space Planning,Ogun,PM005,16," 11,473,244.00 ", Estimated ," 10,978,360.00 "," 5,671,951.00 "," 1,923,516.00 "," 446,558.00 "," 8,042,025.00 "," 2,936,335.00 ",27%,Part Payment,POS,3,1,Yes,Referral,
PRJ0264,Industrial Office,8/6/2022,1/10/2022,56,Delayed,CUST019,Skyline Enterprises,Corporate,Commercial,Office,Industrial,Renovation,Kano,PM007,11," 9,934,527.00 ", Estimated ," 10,022,179.00 "," 3,758,441.00 "," 2,068,460.00 "," 351,795.00 "," 6,178,696.00 "," 3,843,483.00 ",38%,Outstanding,Transfer,4,1,No,Referral,
PRJ0265,Luxury Retail Store,12/27/2025,29/1/2026,33,Completed,CUST005,Redwood Properties,Corporate,Commercial,Apartment,Industrial,Space Planning,Oyo,PM003,3," 2,593,003.00 ", Estimated ," 2,622,648.00 "," 939,266.00 "," 640,174.00 "," 111,179.00 "," 1,690,619.00 "," 932,029.00 ",36%,Outstanding,Cash,3,1,No,Facebook,
PRJ0266,Contemporary Apartment,7/20/2023,16/10/2023,88,Delayed,CUST003,Chidinma Bello,Individual,Residential,Hotel,Scandinavian,Painting,Kano,PM001,8," 2,760,263.00 ", Estimated ," 3,053,783.00 "," 1,086,195.00 "," 576,936.00 "," 115,727.00 "," 1,778,858.00 "," 1,274,925.00 ",42%,Part Payment,POS,4,1,No,Walk-in,
PRJ0267,Contemporary Retail Store,12/28/2024,-,-,Cancelled,CUST028,Chidinma Brown,Corporate,Residential,Duplex,Contemporary,Decoration,Ogun,PM001,8," 7,679,952.00 ", Estimated ," 8,776,738.00 "," 3,628,156.00 "," 1,846,848.00 "," 567,532.00 "," 6,042,536.00 "," 2,734,202.00 ",31%,Part Payment,Cash,5,1,Yes,Walk-in,
PRJ0268,Luxury Hotel,2/22/2024,16/3/2024,23,Completed,CUST144,Tunde Abubakar,Corporate,Residential,Restaurant,Luxury,Decoration,  Kano,PM001,8," 6,749,279.00 ", Estimated ," 7,689,190.00 "," 3,644,578.00 "," 1,645,667.00 "," 466,059.00 "," 5,756,304.00 "," 1,932,886.00 ",25%,Paid,Cash,4,1,Yes,Facebook,
PRJ0269,Luxury Office,1/9/2023,-,-,Cancelled,CUST194,Meridian Capital,Corporate,Commercial,Hotel,  Industrial,Interior Design,Enugu,PM008,17,, Not Yet Estimated ," 3,623,262.00 "," 1,859,162.00 "," 739,444.00 "," 190,146.00 "," 2,788,752.00 "," 834,510.00 ",23%,Part Payment,POS,3,1,Yes,Instagram,
PRJ0270,Minimalist Retail Store,1/30/2024,-,-,Cancelled,CUST113,Sterling Hospitality,Corporate,Residential,Restaurant,Industrial,Painting,Ogun,PM003,3," 14,358,099.00 ", Estimated ," 13,904,295.00 "," 7,292,264.00 "," 3,289,588.00 "," 732,129.00 "," 11,313,981.00 "," 2,590,314.00 ",19%,Part Payment,Transfer,4,1,No,Facebook,
PRJ0271,Contemporary Apartment,5/31/2026,19/8/2026,80,Delayed,CUST129,Unknown Client,Corporate,Commercial,Apartment,Contemporary,Space Planning,Unknown,PM008,17," 11,355,340.00 ", Estimated ," 13,051,679.00 "," 6,788,084.00 "," 2,504,173.00 "," 758,536.00 "," 10,050,793.00 "," 3,000,886.00 ",23%,Outstanding,Cash,4,1,No,Walk-in,
PRJ0272,Contemporary Restaurant,5/3/2023,5/8/2023,94,Delayed,CUST098,Damola Nnamdi,Individual,Commercial,Retail Store,Modern,Interior Design,Delta,PM010,6," 9,444,095.00 ", Estimated ," 10,270,824.00 "," 4,803,860.00 "," 1,566,824.00 "," 549,202.00 "," 6,919,886.00 "," 3,350,938.00 ",33%,Outstanding,POS,3,1,No,Instagram,
PRJ0273,Industrial Apartment,1/26/2025,2025-03-18,51,Completed,CUST227,Prime Realty,Corporate,Commercial,Apartment,Modern,Furniture Supply,Ogun,PM009,3," 3,195,493.00 ", Estimated ," 3,398,970.00 "," 1,759,969.00 "," 759,978.00 "," 225,280.00 "," 2,745,227.00 "," 653,743.00 ",19%,Outstanding,Transfer,4,1,Yes,Instagram,
PRJ0274,Industrial Office,2/14/2025,17/3/2025,31,Completed,CUST232,Vertex Holdings,Corporate,Residential,Office,Contemporary,Painting,Delta,PM007,11," 7,821,308.00 ", Estimated ," 8,656,327.00 "," 4,535,351.00 "," 1,316,564.00 "," 524,180.00 "," 6,376,095.00 "," 2,280,232.00 ",26%,Outstanding,Transfer,4,1,Yes,Referral,
PRJ0275,Minimalist Hotel,11/26/2024,7/12/2024,11,Completed,CUST254,Segun Eze,Individual,Residential,Restaurant,Minimalist,Decoration,Abuja,PM003,3," 9,305,435.00 ", Estimated ," 10,137,209.00 "," 4,706,471.00 "," 1,951,874.00 "," 402,167.00 "," 7,060,512.00 "," 3,076,697.00 ",30%,Part Payment,Cash,3,1,No,Referral,
PRJ0276,Contemporary Duplex,12/8/2023,2023-12-30,22,Completed,CUST211,Meridian Hospitality,Corporate,Residential,Retail Store,Contemporary,Decoration,Kano,PM006,6," 12,758,608.00 ", Estimated ," 13,476,242.00 "," 7,226,422.00 "," 2,929,979.00 "," 711,810.00 "," 10,868,211.00 "," 2,608,031.00 ",19%,Part Payment,Transfer,3,1,Yes,Website,
PRJ0277,Industrial Restaurant,8/27/2025,-,-,Cancelled,CUST270,James Abubakar,Corporate,Residential,Apartment,Scandinavian,Decoration,Delta,PM005,16," 10,278,168.00 ", Estimated ," 11,516,835.00 "," 4,557,716.00 "," 1,969,765.00 "," 747,137.00 "," 7,274,618.00 "," 4,242,217.00 ",37%,Part Payment,Cash,4,1,Yes,Website,
PRJ0278,Industrial Restaurant,5/3/2023,8/7/2023,66,Completed,CUST118,Segun Abubakar,Corporate,Commercial,Office,Minimalist,Decoration,Lagos,PM003,3," 13,700,254.00 ", Estimated ," 14,971,081.00 "," 5,772,910.00 "," 3,135,934.00 "," 888,672.00 "," 9,797,516.00 "," 5,173,565.00 ",35%,Paid,Transfer,4,1,No,Referral,
PRJ0279,Contemporary Duplex,7/10/2025,2025-10-10,92,Completed,CUST142,Charles Musa,Corporate,Commercial,Apartment,Scandinavian,Space Planning,Kano,PM009,3," 1,791,260.00 ", Estimated ," 1,704,197.00 "," 870,790.00 "," 355,066.00 "," 106,405.00 "," 1,332,261.00 "," 371,936.00 ",22%,Outstanding,POS,4,1,Yes,Website,
PRJ0280,Industrial Hotel,5/4/2026,31/7/2026,88,Completed,CUST201,Amaka Ibrahim,Individual,Commercial,Hotel,Minimalist,Decoration,Lagos,PM007,11," 11,551,327.00 ", Estimated ," 11,209,016.00 "," 6,053,197.00 "," 2,540,457.00 "," 638,148.00 "," 9,231,802.00 "," 1,977,214.00 ",18%,Outstanding,Cash,4,1,Yes,Instagram,
PRJ0281,Luxury Hotel,3/7/2023,1/5/2023,55,Completed,CUST247,Summit Enterprises,Individual,Residential,Retail Store,Not Specified,Space Planning,Lagos,PM009,3," 777,281.00 ", Estimated ," 800,482.00 "," 391,445.00 "," 170,180.00 "," 47,713.00 "," 609,338.00 "," 191,144.00 ",24%,Outstanding,Cash,3,1,No,Facebook,
PRJ0282,Contemporary Hotel,6/6/2023,2023-09-05,91,Completed,CUST073,Vertex Realty,Corporate,Residential,Office,Minimalist,Interior Design,Enugu,PM002,4," 7,778,864.00 ", Estimated ," 8,655,842.00 "," 3,452,930.00 "," 1,336,784.00 "," 442,057.00 "," 5,231,771.00 "," 3,424,071.00 ",40%,Part Payment,POS,4,1,Yes,Referral,
PRJ0283,Contemporary Hotel,5/1/2024,2024-07-24,84,Completed,CUST126,Emerald Ventures,Corporate,Residential,Hotel,Industrial,Interior Design,Enugu,PM003,3," 10,319,695.00 ", Estimated ," 10,481,440.00 "," 4,978,670.00 "," 2,560,014.00 "," 499,856.00 "," 8,038,540.00 "," 2,442,900.00 ",23%,Paid,Transfer,4,1,No,Referral,
PRJ0284,Scandinavian Office,3/27/2026,17/7/2026,112,Delayed,CUST155,Skyline Ventures,Individual,Commercial,Office,Contemporary,Renovation,Oyo,PM006,6," 9,366,491.00 ", Estimated ," 9,679,381.00 "," 5,131,126.00 "," 2,036,869.00 "," 526,635.00 "," 7,694,630.00 "," 1,984,751.00 ",21%,Outstanding,Cash,4,1,No,Referral,
PRJ0285,Contemporary Apartment,5/11/2023,22/8/2023,103,Delayed,CUST242,Meridian Ventures,Corporate,Residential,Hotel,Contemporary,Painting,Ogun,PM009,3," 11,367,898.00 ", Estimated ," 11,006,598.00 "," 4,494,278.00 "," 2,140,077.00 "," 841,872.00 "," 7,476,227.00 "," 3,530,371.00 ",32%,Outstanding,Transfer,4,1,No,Walk-in,
PRJ0286,Contemporary Apartment,3/17/2023,5/7/2023,110,Completed,CUST223,Skyline Realty,Corporate,Residential,Restaurant,Scandinavian,Decoration,Abuja,PM001,8," 14,329,052.00 ", Estimated ," 14,322,133.00 "," 5,691,800.00 "," 2,385,638.00 "," 687,783.00 "," 8,765,221.00 "," 5,556,912.00 ",39%,Outstanding,Pending,4,1,Yes,Website,
PRJ0287,Scandinavian Office,12/27/2024,-,-,Cancelled,CUST096,Ebere Garcia,Individual,Commercial,Duplex,Scandinavian,Renovation,Ogun,PM004,15," 14,174,323.00 ", Estimated ," 13,881,685.00 "," 6,424,158.00 "," 2,772,807.00 "," 671,470.00 "," 9,868,435.00 "," 4,013,250.00 ",29%,Part Payment,Cash,4,1,Yes,Instagram,
PRJ0288,Modern Retail Store,11/6/2024,3/1/2025,58,Completed,CUST113,Sterling Hospitality,Corporate,Residential,Retail Store,Industrial,Painting,Abuja,PM005,16," 6,198,008.00 ", Estimated ," 6,792,689.00 "," 2,760,942.00 "," 1,359,825.00 "," 437,934.00 "," 4,558,701.00 "," 2,233,988.00 ",33%,Paid,POS,4,1,No,Facebook,
PRJ0289,Modern Duplex,1/30/2024,21/4/2024,82,Delayed,CUST267,Urban Ventures,Corporate,Commercial,Apartment,Minimalist,Furniture Supply,Oyo,PM004,15," 10,917,139.00 ", Estimated ," 11,795,916.00 "," 4,363,610.00 "," 2,853,620.00 "," 907,309.00 "," 8,124,539.00 "," 3,671,377.00 ",31%,Part Payment,Cash,4,1,Yes,Facebook,
PRJ0290,Contemporary Duplex,3/9/2026,-,-,Ongoing,CUST163,Redwood Realty,Corporate,Residential,Restaurant,Scandinavian,Interior Design,Rivers,PM006,6," 9,536,740.00 ", Estimated ," 9,743,867.00 "," 3,491,129.00 "," 1,719,368.00 "," 650,319.00 "," 5,860,816.00 "," 3,883,051.00 ",40%,Part Payment,POS,5,1,Yes,Referral,
PRJ0291,Contemporary Office,4/1/2022,15/5/2022,44,Completed,CUST162,Redwood Ventures,Individual,Commercial,Office,Contemporary,Furniture Supply,Lagos,PM007,11," 13,460,757.00 ", Estimated ," 14,786,515.00 "," 6,741,689.00 "," 2,385,455.00 "," 718,318.00 "," 9,845,462.00 "," 4,941,053.00 ",33%,Part Payment,POS,4,1,No,Instagram,
PRJ0292,Modern Restaurant,3/30/2022,17/6/2022,79,Completed,CUST211,Meridian Hospitality,Corporate,Residential,Restaurant,Contemporary,Furniture Supply,  Oyo,PM002,4," 6,041,566.00 ", Estimated ," 6,826,027.00 "," 2,805,029.00 "," 1,340,661.00 "," 259,187.00 "," 4,404,877.00 "," 2,421,150.00 ",35%,Paid,Transfer,5,1,No,Unknown,
PRJ0293,Luxury Hotel,8/27/2023,-,-,Cancelled,CUST183,Musa Balogun,Corporate,Commercial,Apartment,Modern,Renovation,Abuja,PM010,6," 7,220,751.00 ", Estimated ," 7,259,615.00 "," 3,586,060.00 "," 1,404,569.00 "," 253,155.00 "," 5,243,784.00 "," 2,015,831.00 ",28%,Part Payment,POS,4,1,Yes,Walk-in,
PRJ0294,Industrial Restaurant,9/25/2024,20/12/2024,86,Delayed,CUST155,Skyline Ventures,Individual,Commercial,Office,Industrial,Space Planning,Delta,PM006,6," 12,695,248.00 ", Estimated ," 12,325,739.00 "," 4,686,907.00 "," 2,165,615.00 "," 913,257.00 "," 7,765,779.00 "," 4,559,960.00 ",37%,Paid,Transfer,3,1,Yes,Walk-in,
PRJ0295,Minimalist Hotel,7/16/2023,11/24/2023,131,Completed,CUST178,Sadiq Okafor,Individual,Residential,Office,Minimalist,Furniture Supply,Kano,PM006,6,, Not Yet Estimated-walk in ," 11,743,722.00 "," 4,947,136.00 "," 2,890,044.00 "," 666,798.00 "," 8,503,978.00 "," 3,239,744.00 ",28%,Paid,Cash,5,1,No,Walk-in,
PRJ0296,Scandinavian Restaurant,3/4/2023,3/6/2023,91,Completed,CUST031,Crestview Realty,Corporate,Residential,Hotel,Contemporary,Renovation,Enugu,PM008,17," 2,886,641.00 ", Estimated ," 3,215,020.00 "," 1,590,186.00 "," 658,664.00 "," 172,084.00 "," 2,420,934.00 "," 794,086.00 ",25%,Paid,Transfer,3,1,No,Website,
PRJ0297,Luxury Duplex,12/20/2025,27/2/2026,69,Delayed,CUST190,Horizon Realty,Individual,Residential,Apartment,Luxury,Space Planning,Ogun,PM007,11," 8,710,623.00 ", Estimated ," 8,706,309.00 "," 3,995,028.00 "," 1,711,668.00 "," 429,496.00 "," 6,136,192.00 "," 2,570,117.00 ",30%,Paid,Cash,4,1,No,Website,
PRJ0298,Minimalist Duplex,6/24/2025,-,-,Cancelled,CUST268,Coastal Holdings,Corporate,Residential,Hotel,Luxury,Space Planning,Oyo,PM006,6," 13,485,755.00 ", Estimated ," 14,822,403.00 "," 6,956,795.00 "," 2,950,096.00 "," 1,118,065.00 "," 11,024,956.00 "," 3,797,447.00 ",26%,Part Payment,POS,4,1,Yes,Facebook,
PRJ0299,Minimalist Retail Store,1/7/2024,5/5/2024,119,Completed,CUST132,Emerald Holdings,Corporate,Commercial,Hotel,Scandinavian,Renovation,Delta,PM008,17," 1,598,417.00 ", Estimated ," 1,618,231.00 "," 854,743.00 "," 321,941.00 "," 121,594.00 "," 1,298,278.00 "," 319,953.00 ",20%,Part Payment,Transfer,4,1,No,Walk-in,
PRJ0300,Minimalist Restaurant,8/4/2024,14/8/2024,10,Delayed,CUST236,Horizon Consulting,Corporate,Commercial,Restaurant,Industrial,Interior Design,Oyo,PM007,11," 8,163,575.00 ", Estimated ," 9,036,694.00 "," 4,138,889.00 "," 1,689,552.00 "," 706,183.00 "," 6,534,624.00 "," 2,502,070.00 ",28%,Paid,Transfer,5,1,Yes,Facebook,
